loss,val_loss
0.21629509329795837,0.18940694630146027
0.22015343606472015,0.189315527677536
0.2131844162940979,0.18929393589496613
0.21975500881671906,0.18936744332313538
0.2138615995645523,0.18922726809978485
0.20490659773349762,0.18900999426841736
0.20466923713684082,0.18875734508037567
0.18767555058002472,0.18857169151306152
0.1951909214258194,0.18840578198432922
0.1955362856388092,0.18828728795051575
0.1926143765449524,0.18820631504058838
0.18768903613090515,0.18809358775615692
0.18117405474185944,0.1880170851945877
0.17282496392726898,0.18804463744163513
0.18819107115268707,0.18808051943778992
0.19246920943260193,0.18815340101718903
0.17318585515022278,0.1882266104221344
0.17727969586849213,0.1883944571018219
0.18873058259487152,0.18852226436138153
0.1950438767671585,0.18866856396198273
0.1745230108499527,0.18879540264606476
0.17078937590122223,0.18882547318935394
0.16995607316493988,0.18888092041015625
0.18088041245937347,0.1890314370393753
0.1686505675315857,0.1891884058713913
0.16785010695457458,0.18935072422027588
0.1721702516078949,0.1895444542169571
0.16951338946819305,0.18974669277668
0.16912685334682465,0.18995150923728943
0.18358364701271057,0.1901644468307495
0.16888973116874695,0.19026613235473633
0.1635155826807022,0.1904941350221634
0.17988306283950806,0.190636545419693
0.17279286682605743,0.19081853330135345
0.16221414506435394,0.1909487396478653
0.16611012816429138,0.19103363156318665
0.16470295190811157,0.1911182552576065
0.16776719689369202,0.19120387732982635
