,Run,MSE_Train,R2_Train,SMAPE_Train,MSE_Test,R2_Test,SMAPE_Test
min,1.0,0.0006228149437887716,-0.01239268104721658,16.724745124537556,0.0002339581833813008,-0.5203742189966336,1.790096056488399
max,10.0,0.05327541761408241,0.9881646485569375,40.44315590328006,0.044797887868032835,0.9920598044402437,30.518785883625238
mean,5.5,0.014914515932197872,0.7165794761010379,24.017659629172627,0.011289819171045719,0.616840194444962,10.855054498221168
