,Run,MSE_Train,R2_Train,SMAPE_Train,MSE_Test,R2_Test,SMAPE_Test
min,1.0,0.0015450671926002706,0.003446702283573466,18.1609510623534,0.0008056207724827317,0.005762878185358478,36.370598479900536
max,10.0,0.05244189740251341,0.9706390904554597,40.462702485931345,0.07598952361009344,0.9894593617639034,64.7160006275203
mean,5.5,0.012882676335892925,0.7551905209033845,24.055339324118705,0.018936028830245876,0.7522434421436217,46.481293422406665
