{"kl_loss": [1.463968276977539, 1.4653021097183228, 1.4729924201965332, 1.462264895439148, 1.447099208831787, 1.4492034912109375, 1.4317525625228882, 1.4618947505950928, 1.4611557722091675, 1.4445393085479736, 1.4541983604431152, 1.4449483156204224, 1.4444233179092407, 1.4708887338638306, 1.4523330926895142, 1.4532527923583984, 1.4564017057418823, 1.4679518938064575, 1.4574538469314575, 1.4496145248413086, 1.4452159404754639, 1.459829330444336], "loss": [2.1442863941192627, 2.1538748741149902, 2.1683881282806396, 2.1543591022491455, 2.1619527339935303, 2.1190710067749023, 2.1027846336364746, 2.1684343814849854, 2.1310875415802, 2.1409060955047607, 2.140784740447998, 2.1136813163757324, 2.110025644302368, 2.1513314247131348, 2.174663543701172, 2.209566831588745, 2.1713883876800537, 2.1596763134002686, 2.224296808242798, 2.149502992630005, 2.2161266803741455, 2.2538342475891113], "reconstruction_loss": [0.6803184747695923, 0.6885729432106018, 0.6953956484794617, 0.6920942068099976, 0.7148535847663879, 0.6698671579360962, 0.6710322499275208, 0.7065399289131165, 0.6699317693710327, 0.6963669657707214, 0.6865860819816589, 0.6687326431274414, 0.6656023859977722, 0.680442214012146, 0.7223296165466309, 0.7563141584396362, 0.7149867415428162, 0.691724419593811, 0.7668431997299194, 0.6998888850212097, 0.7709109783172607, 0.7940050363540649], "val_kl_loss": [1.357497215270996, 1.4505552053451538, 1.4384194612503052, 1.4370791912078857, 1.3655333518981934, 1.3826977014541626, 1.374740481376648, 1.3841845989227295, 1.3602200746536255, 1.3235443830490112, 1.4017839431762695, 1.372270107269287, 1.4442025423049927, 1.4050604104995728, 1.3775854110717773, 1.4011640548706055, 1.4800869226455688, 1.3815356492996216, 1.37643301486969, 1.385677456855774, 1.4048614501953125, 1.4065808057785034], "val_loss": [1.3670850992202759, 1.4559062719345093, 1.447722315788269, 1.4473251104354858, 1.3736101388931274, 1.3927308320999146, 1.3844698667526245, 1.3906351327896118, 1.3700941801071167, 1.3304206132888794, 1.4096213579177856, 1.380060076713562, 1.4508224725723267, 1.4128094911575317, 1.3876264095306396, 1.4069650173187256, 1.4880584478378296, 1.3886590003967285, 1.388016700744629, 1.391399621963501, 1.4139941930770874, 1.416462779045105], "val_reconstruction_loss": [0.009587926790118217, 0.00535103864967823, 0.009302858263254166, 0.01024592388421297, 0.008076845668256283, 0.010033185593783855, 0.009729379788041115, 0.006450518034398556, 0.009874125011265278, 0.0068762595765292645, 0.007837465964257717, 0.007789942901581526, 0.0066199335269629955, 0.007749069482088089, 0.010040955618023872, 0.005800924263894558, 0.007971541956067085, 0.007123364135622978, 0.011583716608583927, 0.005722108297049999, 0.00913278665393591, 0.00988193228840828], "learning_rate": [0.0010000000474974513, 0.0010000000474974513, 0.0010000000474974513, 0.0010000000474974513, 0.0010000000474974513, 0.0010000000474974513, 0.0010000000474974513, 0.0010000000474974513, 0.0010000000474974513, 0.0010000000474974513, 0.0010000000474974513, 0.0010000000474974513, 0.0010000000474974513, 0.0010000000474974513, 0.0010000000474974513, 0.0010000000474974513, 0.0010000000474974513, 0.0010000000474974513, 0.0010000000474974513, 0.0010000000474974513, 0.0009800000116229057, 0.0009800000116229057]}