,Run,MSE_Train,R2_Train,SMAPE_Train,MSE_Test,R2_Test,SMAPE_Test
min,1.0,0.03137369110456252,-0.024823796721812785,34.4439405585389,0.0415353128095043,-0.22023424476624842,35.08767083242306
max,10.0,0.053929583622362935,0.4038057949770175,41.496923886509194,0.05313704967500962,0.04618695679915563,39.23490843120182
mean,5.5,0.047314482278971386,0.10088296418896352,38.44535707937153,0.04574526564819252,-0.05049000690201555,36.549406090875834
