{"loss": [0.01145372074097395, 0.01267140731215477, 0.01175292395055294, 0.010982837527990341, 0.01080053485929966, 0.010803261771798134, 0.010558010078966618, 0.009494559839367867, 0.009904556907713413, 0.009786651469767094, 0.009581442922353745, 0.009106925688683987, 0.009083894081413746, 0.00902778934687376, 0.00902538001537323, 0.009086284786462784, 0.008979890495538712, 0.008577111177146435, 0.008591882884502411, 0.008621251210570335, 0.008504251949489117, 0.00867235753685236, 0.008655361831188202, 0.008293972350656986, 0.008850674144923687, 0.008768618106842041, 0.008373396471142769, 0.008172404952347279, 0.00864535290747881, 0.008663791231811047, 0.008417275734245777, 0.008001548238098621, 0.008027530275285244, 0.007970563136041164, 0.007816771976649761, 0.007921470329165459, 0.008047742769122124, 0.008062627166509628, 0.0081739267334342, 0.009058508090674877, 0.007997567765414715, 0.007994966581463814, 0.007607720792293549, 0.007697578519582748, 0.007361309602856636, 0.007612990215420723, 0.007558778394013643, 0.0074698845855891705, 0.007397284731268883, 0.007795519661158323], "val_loss": [0.008058357052505016, 0.016628922894597054, 0.008284603245556355, 0.009062739089131355, 0.009347569197416306, 0.008125959895551205, 0.007839124649763107, 0.008393405005335808, 0.007826556451618671, 0.007495259400457144, 0.007467633578926325, 0.007683916948735714, 0.0076862508431077, 0.007473553530871868, 0.007636825554072857, 0.007463873364031315, 0.007340323179960251, 0.007770712953060865, 0.007808127906173468, 0.007543432060629129, 0.007560502737760544, 0.0074549466371536255, 0.007297224830836058, 0.007270253729075193, 0.00772681413218379, 0.007294781040400267, 0.0073107522912323475, 0.00719308340921998, 0.010964784771203995, 0.007433885242789984, 0.007058021612465382, 0.007196539081633091, 0.007081619929522276, 0.007306732703000307, 0.007106872741132975, 0.007634272798895836, 0.007309808395802975, 0.007014682982116938, 0.011439282447099686, 0.007081207353621721, 0.007233744487166405, 0.007168557960540056, 0.006997962016612291, 0.007208339869976044, 0.007102372124791145, 0.007011060602962971, 0.0069184876047074795, 0.006728776264935732, 0.007330079562962055, 0.006855580024421215], "learning_rate": [0.00012599999899975955, 0.00012599999899975955, 0.00012599999899975955, 0.00012599999899975955, 0.00012599999899975955, 0.00012599999899975955, 0.00012599999899975955, 0.00012599999899975955, 0.00012599999899975955, 0.00012599999899975955, 0.00012599999899975955, 0.00012599999899975955, 0.00012599999899975955, 0.00012599999899975955, 0.00012599999899975955, 0.00012599999899975955, 0.00012599999899975955, 0.00012599999899975955, 0.00012599999899975955, 0.00012599999899975955, 0.00012599999899975955, 0.00012599999899975955, 0.00012599999899975955, 0.00012599999899975955, 0.00012599999899975955, 0.00012599999899975955, 0.00012599999899975955, 0.00012599999899975955, 0.00012599999899975955, 0.00012599999899975955, 0.00012348000018391758, 0.00012348000018391758, 0.00012348000018391758, 0.00012348000018391758, 0.00012348000018391758, 0.00012348000018391758, 0.00012348000018391758, 0.00012348000018391758, 0.00012348000018391758, 0.00012348000018391758, 0.00012348000018391758, 0.00012348000018391758, 0.00012348000018391758, 0.00012348000018391758, 0.00012348000018391758, 0.00012348000018391758, 0.00012348000018391758, 0.00012348000018391758, 0.00012348000018391758, 0.00012348000018391758]}