{"loss": [0.012166116386651993, 0.013152508065104485, 0.011450397782027721, 0.011194887571036816, 0.010565080679953098, 0.010504507459700108, 0.010802086442708969, 0.01065631490200758, 0.010520975105464458, 0.010070365853607655, 0.010023786686360836, 0.010028661228716373, 0.00990346446633339, 0.010167165659368038, 0.009767310693860054, 0.009787989780306816, 0.009567906148731709, 0.00986497662961483, 0.009584282524883747, 0.00933866947889328, 0.009136456064879894, 0.009321978315711021, 0.009264637716114521, 0.00915895588696003, 0.008983851410448551, 0.009406467899680138, 0.008914893493056297, 0.009043238125741482, 0.009145147167146206, 0.009691720828413963, 0.008952595293521881, 0.008803916163742542, 0.00891575962305069, 0.008661305531859398, 0.00874229334294796, 0.008792751468718052, 0.009327130392193794, 0.008701292797923088, 0.008638632483780384, 0.009057005867362022, 0.00870998203754425, 0.0086969630792737, 0.008479094132781029, 0.008410772308707237, 0.008372609503567219, 0.0086791617795825, 0.008239835500717163, 0.008294854313135147, 0.008294815197587013, 0.008116921409964561], "val_loss": [0.01033107005059719, 0.00944680068641901, 0.010190051048994064, 0.009055445902049541, 0.008925959467887878, 0.009209382347762585, 0.008967462927103043, 0.00962034985423088, 0.008552487008273602, 0.008729446679353714, 0.008349668234586716, 0.008422242477536201, 0.009280122816562653, 0.00854475423693657, 0.008697803132236004, 0.009005536325275898, 0.009307256899774075, 0.008705914951860905, 0.008600128814578056, 0.008327796123921871, 0.00855845957994461, 0.008662714622914791, 0.008539463393390179, 0.008298096247017384, 0.008663791231811047, 0.008263998664915562, 0.008351624011993408, 0.00814717635512352, 0.008199446834623814, 0.008678967133164406, 0.008074297569692135, 0.008056885562837124, 0.00812600925564766, 0.008247987367212772, 0.008004979230463505, 0.00825408287346363, 0.008445804938673973, 0.008119211532175541, 0.008117874152958393, 0.008078500628471375, 0.008205781690776348, 0.007921960204839706, 0.008055564016103745, 0.007634290494024754, 0.008024684153497219, 0.008089622482657433, 0.008217697031795979, 0.00786488689482212, 0.007746703457087278, 0.008036679588258266], "learning_rate": [0.00012599999899975955, 0.00012599999899975955, 0.00012599999899975955, 0.00012599999899975955, 0.00012599999899975955, 0.00012599999899975955, 0.00012599999899975955, 0.00012599999899975955, 0.00012599999899975955, 0.00012599999899975955, 0.00012599999899975955, 0.00012599999899975955, 0.00012599999899975955, 0.00012599999899975955, 0.00012599999899975955, 0.00012599999899975955, 0.00012599999899975955, 0.00012599999899975955, 0.00012599999899975955, 0.00012599999899975955, 0.00012599999899975955, 0.00012599999899975955, 0.00012599999899975955, 0.00012599999899975955, 0.00012599999899975955, 0.00012599999899975955, 0.00012599999899975955, 0.00012599999899975955, 0.00012599999899975955, 0.00012599999899975955, 0.00012348000018391758, 0.00012348000018391758, 0.00012348000018391758, 0.00012348000018391758, 0.00012348000018391758, 0.00012348000018391758, 0.00012348000018391758, 0.00012348000018391758, 0.00012348000018391758, 0.00012348000018391758, 0.00012348000018391758, 0.00012348000018391758, 0.00012348000018391758, 0.00012348000018391758, 0.00012348000018391758, 0.00012348000018391758, 0.00012348000018391758, 0.00012348000018391758, 0.00012348000018391758, 0.00012348000018391758]}