{"loss": [0.013068153522908688, 0.013482412323355675, 0.014842023141682148, 0.01358393020927906, 0.012172930873930454, 0.011859957128763199, 0.011651678942143917, 0.011457132175564766, 0.01123605016618967, 0.011082792654633522, 0.010937727987766266, 0.011389285326004028, 0.010813437402248383, 0.010661042295396328, 0.01061679981648922, 0.010369286872446537, 0.0104702552780509, 0.010272798128426075, 0.010132386349141598, 0.010162168182432652, 0.010273435153067112, 0.010282556526362896, 0.010098408907651901, 0.01023191213607788, 0.010098744183778763], "val_loss": [0.010099902749061584, 0.010730144567787647, 0.013760034926235676, 0.010413723066449165, 0.009893271140754223, 0.00950684305280447, 0.00987350195646286, 0.009912609122693539, 0.009647943079471588, 0.009503710083663464, 0.00959478784352541, 0.009784625843167305, 0.009315282106399536, 0.009424451738595963, 0.009534616023302078, 0.009319107979536057, 0.009031842462718487, 0.009291136637330055, 0.009247786365449429, 0.009475070983171463, 0.009159802459180355, 0.009285377338528633, 0.009407993406057358, 0.009261705912649632, 0.00920790620148182], "learning_rate": [0.00012599999899975955, 0.00012599999899975955, 0.00012599999899975955, 0.00012599999899975955, 0.00012599999899975955, 0.00012599999899975955, 0.00012599999899975955, 0.00012599999899975955, 0.00012599999899975955, 0.00012599999899975955, 0.00012599999899975955, 0.00012599999899975955, 0.00012599999899975955, 0.00012599999899975955, 0.00012599999899975955, 0.00012599999899975955, 0.00012599999899975955, 0.00012599999899975955, 0.00012599999899975955, 0.00012599999899975955, 0.00012599999899975955, 0.00012599999899975955, 0.00012599999899975955, 0.00012599999899975955, 0.00012599999899975955]}