{"loss": [0.011143554002046585, 0.011107849888503551, 0.01062751468271017, 0.010397729463875294, 0.009494730271399021, 0.008780665695667267, 0.008501741103827953, 0.008606713265180588, 0.008432912640273571, 0.00834549032151699, 0.008244973607361317, 0.007866418920457363, 0.008054584264755249, 0.007692604325711727, 0.007654483430087566, 0.007904531434178352, 0.00761702936142683, 0.007636572699993849, 0.007793127559125423, 0.007772941142320633, 0.007733136881142855, 0.007532034534960985, 0.007544077467173338, 0.007390620186924934, 0.007754886522889137, 0.007422170136123896, 0.0076201306656003, 0.0077667864970862865, 0.007184803951531649, 0.007212287746369839, 0.00718535715714097, 0.007331204600632191, 0.009136875160038471, 0.008171530440449715, 0.008007905445992947, 0.0076004681177437305, 0.007262439467012882, 0.007440728601068258, 0.007298668846487999, 0.007241131272166967, 0.006955656688660383, 0.006763106677681208, 0.006938403472304344, 0.007436750456690788, 0.008112121373414993, 0.00734225707128644, 0.0075324480421841145, 0.007058319170027971, 0.006984643638134003, 0.007259663660079241], "val_loss": [0.008146620355546474, 0.006948340218514204, 0.007125408388674259, 0.0078085362911224365, 0.007038119714707136, 0.0068712360225617886, 0.006488187238574028, 0.006819437257945538, 0.006741682533174753, 0.006773290690034628, 0.006807421334087849, 0.007050849497318268, 0.006298599764704704, 0.006477586925029755, 0.006405883934348822, 0.006667339242994785, 0.006496187765151262, 0.00639870623126626, 0.006779264193028212, 0.0063650538213551044, 0.0065068891271948814, 0.006365174427628517, 0.00632899533957243, 0.006276233121752739, 0.006458102725446224, 0.006339041981846094, 0.006735905073583126, 0.006316744722425938, 0.006317507475614548, 0.006353454198688269, 0.006201812531799078, 0.006650286726653576, 0.007173849735409021, 0.006671558134257793, 0.006740137003362179, 0.006230538245290518, 0.006616209167987108, 0.006547398865222931, 0.006411546375602484, 0.0063424077816307545, 0.006327506620436907, 0.006340031046420336, 0.0063047888688743114, 0.006356522906571627, 0.007044709287583828, 0.006321145221590996, 0.006293171551078558, 0.006849242374300957, 0.006400323007255793, 0.006283930968493223], "learning_rate": [0.00012599999899975955, 0.00012599999899975955, 0.00012599999899975955, 0.00012599999899975955, 0.00012599999899975955, 0.00012599999899975955, 0.00012599999899975955, 0.00012599999899975955, 0.00012599999899975955, 0.00012599999899975955, 0.00012599999899975955, 0.00012599999899975955, 0.00012599999899975955, 0.00012599999899975955, 0.00012599999899975955, 0.00012599999899975955, 0.00012599999899975955, 0.00012599999899975955, 0.00012599999899975955, 0.00012599999899975955, 0.00012599999899975955, 0.00012599999899975955, 0.00012599999899975955, 0.00012599999899975955, 0.00012599999899975955, 0.00012599999899975955, 0.00012599999899975955, 0.00012599999899975955, 0.00012599999899975955, 0.00012599999899975955, 0.00012348000018391758, 0.00012348000018391758, 0.00012348000018391758, 0.00012348000018391758, 0.00012348000018391758, 0.00012348000018391758, 0.00012348000018391758, 0.00012348000018391758, 0.00012348000018391758, 0.00012348000018391758, 0.00012348000018391758, 0.00012348000018391758, 0.00012348000018391758, 0.00012348000018391758, 0.00012348000018391758, 0.00012348000018391758, 0.00012348000018391758, 0.00012348000018391758, 0.00012348000018391758, 0.00012348000018391758]}