{"loss": [0.016006439924240112, 0.01624618098139763, 0.015776025131344795, 0.01523971650749445, 0.014035375788807869, 0.013912530615925789, 0.013360212557017803, 0.01354319415986538, 0.013595996424555779, 0.013287151232361794, 0.013280434533953667, 0.013233653269708157, 0.013031531125307083, 0.01260435488075018, 0.0128123564645648, 0.012342303991317749, 0.012836589477956295, 0.012651794590055943, 0.012028604745864868, 0.012369127944111824, 0.012031935155391693, 0.011703371070325375, 0.011668619699776173, 0.011747102253139019, 0.011436383239924908, 0.011601892299950123, 0.01161479577422142, 0.011707753874361515, 0.0115242600440979, 0.011414740234613419, 0.011203755624592304, 0.011081199161708355, 0.011043342761695385, 0.011084374040365219, 0.010837148874998093, 0.010954851284623146, 0.010836206376552582, 0.010783417150378227, 0.010875985026359558, 0.010914599522948265, 0.010655081830918789, 0.010542744770646095, 0.010897266678512096, 0.01070317067205906, 0.01030595414340496, 0.010525550693273544, 0.010415206663310528, 0.010514258407056332, 0.010672826319932938, 0.010608638636767864], "val_loss": [0.01149701327085495, 0.011640575714409351, 0.010971998795866966, 0.01099525298923254, 0.010921257548034191, 0.010572896338999271, 0.010597662068903446, 0.010795274749398232, 0.010486236773431301, 0.010644165799021721, 0.010868999175727367, 0.011218402534723282, 0.01039135828614235, 0.010189379565417767, 0.010432991199195385, 0.010149022564291954, 0.01037227176129818, 0.010028594173491001, 0.010402151383459568, 0.010097861289978027, 0.010102808475494385, 0.0100175179541111, 0.010015727020800114, 0.009950957261025906, 0.009882325306534767, 0.009953164495527744, 0.009714728221297264, 0.009987453930079937, 0.010212616994976997, 0.009616319090127945, 0.009584660641849041, 0.009639235213398933, 0.009562471881508827, 0.00963230524212122, 0.009386928752064705, 0.009637927636504173, 0.009580600075423717, 0.009253242053091526, 0.009628292173147202, 0.009419511072337627, 0.009531665593385696, 0.009314771741628647, 0.009308218024671078, 0.009251246228814125, 0.009281671606004238, 0.009082906879484653, 0.009610487148165703, 0.009609234519302845, 0.009652180597186089, 0.009029018692672253], "learning_rate": [0.00012599999899975955, 0.00012599999899975955, 0.00012599999899975955, 0.00012599999899975955, 0.00012599999899975955, 0.00012599999899975955, 0.00012599999899975955, 0.00012599999899975955, 0.00012599999899975955, 0.00012599999899975955, 0.00012599999899975955, 0.00012599999899975955, 0.00012599999899975955, 0.00012599999899975955, 0.00012599999899975955, 0.00012599999899975955, 0.00012599999899975955, 0.00012599999899975955, 0.00012599999899975955, 0.00012599999899975955, 0.00012599999899975955, 0.00012599999899975955, 0.00012599999899975955, 0.00012599999899975955, 0.00012599999899975955, 0.00012599999899975955, 0.00012599999899975955, 0.00012599999899975955, 0.00012599999899975955, 0.00012599999899975955, 0.00012348000018391758, 0.00012348000018391758, 0.00012348000018391758, 0.00012348000018391758, 0.00012348000018391758, 0.00012348000018391758, 0.00012348000018391758, 0.00012348000018391758, 0.00012348000018391758, 0.00012348000018391758, 0.00012348000018391758, 0.00012348000018391758, 0.00012348000018391758, 0.00012348000018391758, 0.00012348000018391758, 0.00012348000018391758, 0.00012348000018391758, 0.00012348000018391758, 0.00012348000018391758, 0.00012348000018391758]}