{"kl_loss": [1.4767780303955078, 1.4720849990844727, 1.444574236869812, 1.458924651145935, 1.4632582664489746, 1.4390939474105835, 1.4386011362075806, 1.4657692909240723, 1.466573715209961, 1.4516907930374146, 1.457142949104309, 1.4642360210418701, 1.4753649234771729, 1.4720066785812378, 1.4276783466339111, 1.4557061195373535, 1.4683243036270142, 1.4595553874969482, 1.4398255348205566, 1.455127239227295, 1.461927890777588, 1.4646762609481812, 1.4619368314743042, 1.4711353778839111, 1.4685755968093872, 1.4558207988739014, 1.4587993621826172, 1.4729828834533691, 1.4689915180206299, 1.4625743627548218], "loss": [2.050571918487549, 2.1143124103546143, 2.136793375015259, 2.1100211143493652, 2.0881407260894775, 2.050597906112671, 2.037344455718994, 2.057685613632202, 2.0685157775878906, 2.073749542236328, 2.055124044418335, 2.0480000972747803, 2.074035406112671, 2.058467388153076, 2.0143094062805176, 2.074413776397705, 2.061959981918335, 2.0290093421936035, 2.0351877212524414, 2.036187171936035, 2.034215211868286, 2.0293896198272705, 2.0484116077423096, 2.041916847229004, 2.035808801651001, 2.0276970863342285, 2.0287909507751465, 2.061091423034668, 2.082639694213867, 2.015868663787842], "reconstruction_loss": [0.573793888092041, 0.6422273516654968, 0.6922187209129333, 0.6510969400405884, 0.6248826384544373, 0.6115043759346008, 0.5987434387207031, 0.5919159650802612, 0.601942241191864, 0.6220598816871643, 0.5979805588722229, 0.5837640762329102, 0.598669707775116, 0.5864603519439697, 0.5866314172744751, 0.6187075972557068, 0.5936349630355835, 0.5694538950920105, 0.5953623056411743, 0.5810598731040955, 0.5722870230674744, 0.564713180065155, 0.5864742994308472, 0.5707809329032898, 0.5672327280044556, 0.5718762874603271, 0.5699914693832397, 0.5881091356277466, 0.6136480569839478, 0.5532941818237305], "val_kl_loss": [1.4554558992385864, 1.4380484819412231, 1.536376953125, 1.4451758861541748, 1.436308741569519, 1.4074733257293701, 1.469985842704773, 1.5088295936584473, 1.4277886152267456, 1.4397631883621216, 1.465956449508667, 1.4537657499313354, 1.4868000745773315, 1.4718642234802246, 1.4195305109024048, 1.4893559217453003, 1.5137966871261597, 1.4217138290405273, 1.4685667753219604, 1.463278889656067, 1.4768389463424683, 1.4371089935302734, 1.4886656999588013, 1.4438773393630981, 1.451053261756897, 1.4719513654708862, 1.4379767179489136, 1.4762696027755737, 1.5036780834197998, 1.4519990682601929], "val_loss": [1.4612528085708618, 1.4434112310409546, 1.5405731201171875, 1.4489396810531616, 1.4419634342193604, 1.4119246006011963, 1.4735406637191772, 1.5126349925994873, 1.4330039024353027, 1.445465087890625, 1.469680905342102, 1.4571863412857056, 1.491362452507019, 1.4751269817352295, 1.4241046905517578, 1.493276596069336, 1.5176292657852173, 1.4272900819778442, 1.4732836484909058, 1.4678868055343628, 1.4805437326431274, 1.4416085481643677, 1.4927529096603394, 1.448161244392395, 1.4548343420028687, 1.4768468141555786, 1.4434564113616943, 1.4793637990951538, 1.507934331893921, 1.4561693668365479], "val_reconstruction_loss": [0.005796951241791248, 0.005362692289054394, 0.004196173045784235, 0.003763810032978654, 0.00565471313893795, 0.004451270215213299, 0.003554827766492963, 0.0038053931202739477, 0.0052153365686535835, 0.0057018413208425045, 0.0037243992555886507, 0.003420537104830146, 0.004562354180961847, 0.0032628143671900034, 0.0045742373913526535, 0.00392066640779376, 0.0038325570058077574, 0.005576202645897865, 0.004716887138783932, 0.0046079508028924465, 0.003704769304022193, 0.00449959235265851, 0.004087232518941164, 0.0042839436791837215, 0.0037811060901731253, 0.004895435180515051, 0.005479687824845314, 0.0030941732693463564, 0.004256210755556822, 0.004170337691903114], "learning_rate": [0.0010000000474974513, 0.0010000000474974513, 0.0010000000474974513, 0.0010000000474974513, 0.0010000000474974513, 0.0010000000474974513, 0.0010000000474974513, 0.0010000000474974513, 0.0010000000474974513, 0.0010000000474974513, 0.0010000000474974513, 0.0010000000474974513, 0.0010000000474974513, 0.0010000000474974513, 0.0010000000474974513, 0.0010000000474974513, 0.0010000000474974513, 0.0010000000474974513, 0.0010000000474974513, 0.0010000000474974513, 0.0009800000116229057, 0.0009800000116229057, 0.0009800000116229057, 0.0009800000116229057, 0.0009800000116229057, 0.0009800000116229057, 0.0009800000116229057, 0.0009800000116229057, 0.0009800000116229057, 0.0009800000116229057]}