loss,val_loss
0.08490412682294846,0.022039003670215607
0.0740179717540741,0.028288792818784714
0.048613548278808594,0.031161045655608177
0.0680680200457573,0.02514241263270378
0.031026002019643784,0.018824396654963493
0.03810269013047218,0.016510916873812675
0.026914147660136223,0.017122358083724976
0.03075871616601944,0.030814368277788162
0.027832837775349617,0.047006990760564804
0.01830163784325123,0.05675963684916496
0.028435485437512398,0.058379895985126495
0.02325764112174511,0.05563975125551224
0.019335629418492317,0.049701809883117676
0.029989643022418022,0.041876234114170074
0.011659492738544941,0.03212500736117363
0.01600032113492489,0.02649546042084694
0.010333973914384842,0.025096643716096878
0.015506402589380741,0.024946032091975212
0.014331068843603134,0.02787303924560547
0.01051437295973301,0.029984449967741966
0.008004305884242058,0.03341111168265343
0.00953727401793003,0.03483552858233452
0.009000876918435097,0.036802224814891815
0.006160670891404152,0.03780442476272583
0.010097724385559559,0.038207124918699265
0.006755891256034374,0.03878498449921608
0.007875693030655384,0.03967965766787529
0.005958720576018095,0.039230916649103165
0.005684372968971729,0.0388253852725029
0.007722944021224976,0.03916844725608826
0.005883920006453991,0.039360739290714264
