loss,val_loss
0.07745273411273956,0.05864531174302101
0.09780487418174744,0.04865482822060585
0.04540148004889488,0.062412653118371964
0.03921673819422722,0.06399921327829361
0.029049525037407875,0.05985957756638527
0.02590172179043293,0.054042231291532516
0.020039360970258713,0.0481744185090065
0.020252380520105362,0.04226329177618027
0.016409918665885925,0.0404241718351841
0.016377773135900497,0.04320244491100311
0.014752400107681751,0.047107115387916565
0.01760593056678772,0.04832444339990616
0.014156042598187923,0.04840303957462311
0.016180546954274178,0.04831642284989357
0.01323250774294138,0.04990668222308159
0.01231770683079958,0.05234646424651146
0.013728856109082699,0.05438563600182533
0.011218617670238018,0.055568717420101166
0.010994486510753632,0.05570269003510475
0.012290152721107006,0.055366549640893936
0.010574688203632832,0.055077049881219864
0.011739782989025116,0.05511586368083954
0.011430743150413036,0.056089725345373154
0.010706551373004913,0.05810819938778877
0.008876287378370762,0.05969896540045738
0.010539756156504154,0.05915436893701553
0.008754345588386059,0.057088568806648254
0.009713822975754738,0.05566387251019478
0.011394585482776165,0.0548393577337265
0.009456229396164417,0.05489586666226387
0.009161083027720451,0.055545296519994736
0.009829913266003132,0.05635130777955055
0.010758249089121819,0.056416407227516174
0.010198802687227726,0.055541492998600006
