loss,val_loss
0.11175929009914398,0.03177285194396973
0.05131835117936134,0.027038687840104103
0.041512630879879,0.02776552364230156
0.027039704844355583,0.03432510048151016
0.03370467573404312,0.0477052666246891
0.04263494163751602,0.05942029505968094
0.02910400554537773,0.07826292514801025
0.016810590401291847,0.09429546445608139
0.018739281222224236,0.0991353914141655
0.030940430238842964,0.08657271414995193
0.014127991162240505,0.07172369211912155
0.010628877207636833,0.06134248897433281
0.018545059487223625,0.054482221603393555
0.013630229979753494,0.05090879648923874
0.009785691276192665,0.0472034253180027
0.008310000412166119,0.0448729433119297
0.013034668751060963,0.04284476116299629
0.009106818586587906,0.04046177119016647
0.009291835129261017,0.04045020788908005
0.008381015621125698,0.040084611624479294
0.00623126607388258,0.03829808533191681
0.007821844890713692,0.03683444485068321
0.0066526224836707115,0.03450757637619972
0.005162729416042566,0.03434987738728523
0.00798106100410223,0.03401781618595123
0.006593468599021435,0.03270982950925827
0.005544387269765139,0.03189869225025177
