loss,val_loss
0.12085378915071487,0.020978160202503204
0.06632044911384583,0.017079941928386688
0.04625411331653595,0.012272502295672894
0.04401910677552223,0.009280512109398842
0.023960081860423088,0.008085900917649269
0.029070468619465828,0.007006010506302118
0.02973911538720131,0.009324334561824799
0.02431669645011425,0.020432190969586372
0.03138614073395729,0.023553283885121346
0.019369255751371384,0.018149297684431076
0.017391858622431755,0.010783827863633633
0.031062591820955276,0.00819903239607811
0.01670425944030285,0.008151809684932232
0.01432776264846325,0.00922915805131197
0.015407643280923367,0.011507472954690456
0.021909216418862343,0.014076275750994682
0.01118463184684515,0.014437858946621418
0.012495535425841808,0.01542547158896923
0.007900078780949116,0.014957673847675323
0.011903520673513412,0.01326996274292469
0.012443384155631065,0.011332858353853226
0.011182167567312717,0.008814659900963306
0.012891274876892567,0.00700839888304472
0.007867825217545033,0.005865416955202818
0.012930965051054955,0.0050265672616660595
0.008252589963376522,0.0047082118690013885
0.008165430277585983,0.004345996305346489
0.005567204672843218,0.004022750072181225
0.005275868810713291,0.0037759928964078426
0.0067954580299556255,0.003577087540179491
0.007691364735364914,0.003450589720159769
0.007618927862495184,0.0032814140431582928
0.010116226971149445,0.0033459379337728024
0.007732797414064407,0.0033778450451791286
0.007473930716514587,0.0036310951691120863
0.008039462380111217,0.00426180986687541
0.00735824229195714,0.005352976731956005
0.0056979721412062645,0.006431698799133301
0.005209092982113361,0.008014936000108719
0.005070302169770002,0.008942125365138054
0.004826889373362064,0.009881437756121159
0.007856759242713451,0.010778462514281273
0.007191709242761135,0.011517444625496864
0.005313271656632423,0.012044237926602364
0.007191848941147327,0.012339659035205841
0.006106522399932146,0.0126329455524683
0.004444788675755262,0.012713460251688957
0.005431371740996838,0.01275659166276455
0.006354708690196276,0.0130391214042902
0.0034766346216201782,0.013360458426177502
0.0041361358016729355,0.013789461925625801
0.005014191847294569,0.014190386049449444
0.005558395758271217,0.014446631073951721
0.005628626793622971,0.01462727040052414
0.006272279191762209,0.014774814248085022
0.005222396459430456,0.015224997885525227
0.0049753012135624886,0.015563497319817543
