loss,val_loss
0.13233652710914612,0.0578450933098793
0.08410463482141495,0.05372726544737816
0.0356174074113369,0.06869452446699142
0.04562649875879288,0.08669017255306244
0.03762498497962952,0.09304983168840408
0.02380269393324852,0.08156600594520569
0.02744784764945507,0.07348398119211197
0.025422805920243263,0.061250392347574234
0.024486007168889046,0.05741386115550995
0.021641092374920845,0.05213935673236847
0.018027909100055695,0.048933446407318115
0.025204438716173172,0.04487190395593643
0.018127543851733208,0.044180434197187424
0.015721334144473076,0.04777658358216286
0.019099775701761246,0.04659431800246239
0.01945662684738636,0.04266253113746643
0.013499134220182896,0.042709335684776306
0.01274120807647705,0.047543708235025406
0.012318788096308708,0.052654411643743515
0.012516846880316734,0.05200069025158882
0.010075581260025501,0.050128910690546036
0.016840500757098198,0.051844894886016846
0.014031077735126019,0.052876222878694534
0.013948775827884674,0.05344019830226898
0.011920148506760597,0.056132689118385315
0.014506851322948933,0.05777088180184364
0.010233032517135143,0.05573151260614395
0.011706593446433544,0.053317680954933167
0.010477984324097633,0.0538041852414608
0.009391620755195618,0.05610227584838867
0.01059065293520689,0.05664902925491333
0.011471281759440899,0.055549558252096176
0.010907483287155628,0.053594741970300674
0.009625733830034733,0.053814515471458435
0.012259844690561295,0.05385203659534454
0.012058918364346027,0.05469781532883644
0.01021172571927309,0.056371573358774185
0.012910393998026848,0.05650251731276512
0.010556853376328945,0.05548662319779396
0.010770010761916637,0.05542201176285744
0.00978038739413023,0.05720716342329979
