loss,val_loss
0.11275126785039902,0.034573033452034
0.04654144495725632,0.04992289841175079
0.06992530077695847,0.019598698243498802
0.029279742389917374,0.009575778618454933
0.05802610516548157,0.01797471009194851
0.04221125692129135,0.02690134570002556
0.05832231044769287,0.037745483219623566
0.0365823432803154,0.044467993080616
0.0393851175904274,0.04563745856285095
0.03330445662140846,0.04779471084475517
0.019432811066508293,0.05266518518328667
0.02065451443195343,0.057667870074510574
0.03166487440466881,0.05444256216287613
0.021510936319828033,0.05169547349214554
0.01990196295082569,0.04433580860495567
0.012642115354537964,0.030832603573799133
0.010839872062206268,0.02029390260577202
0.010747167281806469,0.013769310899078846
0.009642484597861767,0.01119360513985157
0.013451947830617428,0.010811478830873966
0.008743107318878174,0.010797305032610893
0.009914321824908257,0.011638909578323364
0.010005317628383636,0.013180568814277649
0.008968433365225792,0.015445375815033913
0.00791345164179802,0.019721370190382004
0.007689774036407471,0.0236887838691473
0.01081838458776474,0.026999786496162415
0.009273369796574116,0.0279966052621603
0.007128758355975151,0.027125904336571693
