loss,val_loss
0.13559238612651825,0.035324517637491226
0.05493439733982086,0.028862321749329567
0.03645125404000282,0.042438432574272156
0.05000909045338631,0.0698564350605011
0.03043537214398384,0.08468768745660782
0.020221678540110588,0.09945353120565414
0.030406532809138298,0.09717220813035965
0.0319899283349514,0.08899401128292084
0.029376905411481857,0.08554026484489441
0.019960664212703705,0.09809768944978714
0.018409062176942825,0.11391892284154892
0.019498486071825027,0.12289676815271378
0.012707396410405636,0.11886563152074814
0.01345940213650465,0.10215850174427032
0.011708470992743969,0.08506543189287186
0.01874273270368576,0.07343517243862152
0.019062602892518044,0.07283400744199753
0.011418795213103294,0.07303716242313385
0.011041737161576748,0.07250233739614487
0.013114888221025467,0.07113883644342422
0.012276172637939453,0.06876904517412186
0.009011298418045044,0.0654420331120491
0.008078867569565773,0.0612386055290699
0.00942227803170681,0.055814873427152634
0.008203621953725815,0.050150610506534576
0.009154514409601688,0.04482327774167061
0.006554821506142616,0.04049287736415863
