loss,val_loss
0.10268286615610123,0.0507979653775692
0.06437777727842331,0.042886167764663696
0.03528532013297081,0.04332305118441582
0.03395450860261917,0.04638000950217247
0.022926729172468185,0.04154184088110924
0.02623586356639862,0.04645557329058647
0.022686289623379707,0.05169885233044624
0.02146412618458271,0.04274488985538483
0.017986612394452095,0.04004340618848801
0.017900103703141212,0.0459371954202652
0.02214665152132511,0.046989843249320984
0.01837153173983097,0.04260485619306564
0.014032188802957535,0.040525857359170914
0.016731934621930122,0.04087882116436958
0.014894404448568821,0.042712073773145676
0.012577717192471027,0.04657522588968277
0.013422663323581219,0.049195338040590286
0.01405471470206976,0.05013221502304077
0.010404226370155811,0.051129650324583054
0.010583520866930485,0.050317004323005676
0.012111680582165718,0.04943510517477989
0.014455003663897514,0.05032103881239891
0.012384637258946896,0.05224388465285301
0.014838524162769318,0.05196960270404816
0.01108279824256897,0.05172023922204971
0.010213739238679409,0.05382409319281578
0.013647050596773624,0.05407179519534111
0.01129863690584898,0.053620610386133194
0.012393709272146225,0.055233415216207504
0.011272038333117962,0.057118725031614304
0.011177017353475094,0.05680233612656593
0.011048019863665104,0.054543234407901764
0.009663817472755909,0.0512276291847229
0.008391204290091991,0.049691423773765564
