loss,val_loss
0.10971755534410477,0.04428606107831001
0.05621742829680443,0.06285760551691055
0.05173249915242195,0.08277373015880585
0.03474969044327736,0.08533277362585068
0.03175370395183563,0.08282776921987534
0.030784979462623596,0.08320234715938568
0.028647856786847115,0.0849134624004364
0.021801359951496124,0.08230744302272797
0.02158164046704769,0.07633151113986969
0.02252172864973545,0.06697438657283783
0.014285185374319553,0.05809668451547623
0.019857384264469147,0.05258132517337799
0.015023795887827873,0.05191595479846001
0.01735241897404194,0.050181206315755844
0.017659902572631836,0.04921598732471466
0.016831332817673683,0.049907978624105453
0.014795628376305103,0.05171891674399376
0.01609061099588871,0.051709774881601334
0.013964426703751087,0.051503587514162064
0.01295378990471363,0.052240192890167236
0.012663808651268482,0.05200926959514618
0.013755258172750473,0.0520031601190567
0.012960721738636494,0.052128031849861145
0.013636264018714428,0.05197812616825104
0.010838664136826992,0.051442548632621765
0.013198800384998322,0.051724616438150406
