loss,val_loss
0.1563798040151596,0.03899811580777168
0.06848353892564774,0.026979293674230576
0.032506391406059265,0.02790970541536808
0.04732413962483406,0.035178378224372864
0.014673890545964241,0.03976902365684509
0.01570378988981247,0.0387662909924984
0.019118044525384903,0.03977741301059723
0.01887083612382412,0.046543825417757034
0.024533586576581,0.04718368127942085
0.025461845099925995,0.044115014374256134
0.022397629916667938,0.045765429735183716
0.017151158303022385,0.04638932645320892
0.010747512802481651,0.048153217881917953
0.014249441213905811,0.04980940744280815
0.011821814812719822,0.05199965089559555
0.011863015592098236,0.053529687225818634
0.01794552057981491,0.05458562821149826
0.009849147871136665,0.05394498258829117
0.008897483348846436,0.0513082817196846
0.008189994841814041,0.05033155530691147
0.00969550758600235,0.049386344850063324
0.008987161330878735,0.04882583022117615
0.01215595006942749,0.0498741939663887
0.011090745218098164,0.05030962824821472
0.0063458820804953575,0.05047452449798584
0.006718616001307964,0.04964497685432434
0.011323301121592522,0.04797050356864929
