loss,val_loss
0.10673204064369202,0.045112788677215576
0.06384154409170151,0.06905467063188553
0.05678894743323326,0.0772450864315033
0.04704364389181137,0.08443784713745117
0.02905854769051075,0.08693468570709229
0.0341278612613678,0.08725203573703766
0.025513218715786934,0.08829447627067566
0.020453622564673424,0.08726958185434341
0.019876062870025635,0.08417382091283798
0.018907835707068443,0.07852525264024734
0.01758328452706337,0.07211699336767197
0.013630254194140434,0.06417076289653778
0.01766008511185646,0.05504718795418739
0.013712235726416111,0.05146068334579468
0.01740441843867302,0.05874628201127052
0.014201292768120766,0.06853312253952026
0.013490432873368263,0.07151705026626587
0.012102861888706684,0.0708325058221817
0.012398037128150463,0.06862477213144302
0.010755081661045551,0.06826133280992508
0.009761209599673748,0.0687129944562912
0.011981278657913208,0.07001585513353348
0.01218427624553442,0.07024624943733215
0.00843544490635395,0.07115458697080612
0.010381203144788742,0.07149907946586609
0.011107967235147953,0.07146210223436356
