loss,val_loss
0.1254132091999054,0.04256482422351837
0.05385854095220566,0.04963652044534683
0.046143919229507446,0.06503567099571228
0.03786022961139679,0.0951678529381752
0.03998160362243652,0.12770842015743256
0.03805406391620636,0.12739036977291107
0.04151364788413048,0.13210690021514893
0.04433146491646767,0.13867348432540894
0.00904275942593813,0.14526748657226562
0.025883818045258522,0.14012643694877625
0.023431209847331047,0.12952470779418945
0.022527916356921196,0.11804457008838654
0.017910413444042206,0.10342289507389069
0.01638837531208992,0.0911465734243393
0.009527401998639107,0.08030897378921509
0.009800175204873085,0.07168308645486832
0.01028524897992611,0.06705058366060257
0.007284261751919985,0.06419593095779419
0.005996876861900091,0.06354954838752747
0.011218054220080376,0.06555503606796265
0.009553165175020695,0.06973981112241745
0.009873490780591965,0.06929101049900055
0.010424085892736912,0.06993943452835083
0.0075871627777814865,0.06959791481494904
0.004873946309089661,0.06842125952243805
0.012486601248383522,0.06404151022434235
