loss,val_loss
0.1001889780163765,0.045602504163980484
0.055693987756967545,0.05957323685288429
0.03943844512104988,0.04127838462591171
0.04232651740312576,0.06163156032562256
0.03275182098150253,0.07812567055225372
0.029600704088807106,0.06172808259725571
0.031753234565258026,0.05943082273006439
0.026921408250927925,0.06554152071475983
0.027328787371516228,0.054972968995571136
0.02132057026028633,0.04387906566262245
0.021841982379555702,0.04406554624438286
0.019733069464564323,0.05085301771759987
0.0197665486484766,0.055473342537879944
0.019147101789712906,0.05312816798686981
0.021386802196502686,0.04485337808728218
0.01652122288942337,0.043270837515592575
0.02450099028646946,0.04837295040488243
0.018775491043925285,0.052239954471588135
0.017908228561282158,0.048697277903556824
0.014956207014620304,0.04466754570603371
0.01354476623237133,0.04185938835144043
0.015007019974291325,0.04067453369498253
0.013681216165423393,0.040979497134685516
0.01358999777585268,0.04046269878745079
0.012148686684668064,0.041339144110679626
0.013416680507361889,0.04175575077533722
0.013352709822356701,0.04292268678545952
0.010741964913904667,0.04406074807047844
0.010065262205898762,0.04408249258995056
0.01376686617732048,0.04402221739292145
0.009646187536418438,0.0439627468585968
0.011401800438761711,0.0439719632267952
0.011172622442245483,0.04462244361639023
0.01217680424451828,0.04612450301647186
0.010427696630358696,0.04607035219669342
0.011941233649849892,0.045465968549251556
0.009120381437242031,0.04586039483547211
0.010472670197486877,0.047159239649772644
0.008892221376299858,0.04874185100197792
0.01090418640524149,0.050572991371154785
0.01144546177238226,0.05132438242435455
0.009266989305615425,0.05004226788878441
0.010925082489848137,0.04828130081295967
0.008660499006509781,0.04715830460190773
0.00951762218028307,0.04669753089547157
0.009492546319961548,0.04744311422109604
0.009632130153477192,0.04829215630888939
0.008469975553452969,0.049250438809394836
0.009762946516275406,0.05161752924323082
