loss,val_loss
0.09604596346616745,0.058159638196229935
0.07699447870254517,0.04268132522702217
0.0387939028441906,0.041175477206707
0.025059036910533905,0.03978174552321434
0.023164529353380203,0.042801450937986374
0.019138051196932793,0.044726330786943436
0.02012176439166069,0.039959125220775604
0.01483713835477829,0.03661278635263443
0.019100362434983253,0.03711196035146713
0.017012475058436394,0.037476688623428345
0.013624890707433224,0.03786047175526619
0.014149008318781853,0.0381324402987957
0.013999871909618378,0.03822813928127289
0.01486594881862402,0.037304725497961044
0.012787872925400734,0.036900606006383896
0.012287593446671963,0.0386442169547081
0.011068176478147507,0.042807795107364655
0.010997718200087547,0.047083768993616104
0.012152931652963161,0.0471041165292263
0.010299372486770153,0.043034106492996216
0.011678383685648441,0.04173508659005165
0.009731649421155453,0.04305250570178032
0.012128939852118492,0.044849541038274765
0.01144767738878727,0.047552622854709625
0.010847617872059345,0.049041226506233215
0.010653965175151825,0.0495268739759922
0.009292620234191418,0.04996863380074501
0.011793715879321098,0.0499534048140049
0.00871044211089611,0.04964286461472511
0.010344485752284527,0.05181807652115822
0.007877941243350506,0.05404439941048622
0.00976669043302536,0.05452838912606239
0.008665746077895164,0.052305784076452255
