,Run,MSE_Train,R2_Train,SMAPE_Train,MSE_Test,R2_Test,SMAPE_Test
min,1.0,0.015687164789610523,0.24679643042734334,21.728050952785587,0.03511442415854283,0.14044279154644013,27.911011024903832
max,10.0,0.035824477620399586,0.6701800193373665,32.52707667920078,0.04685798541194211,0.3558652566723667,37.71941388149404
mean,5.5,0.023019593353459343,0.516016951659233,26.514161917512258,0.040604719757755856,0.2551519392440489,32.544750847833946
