,Run,MSE_Train,R2_Train,SMAPE_Train,MSE_Test,R2_Test,SMAPE_Test
min,1.0,0.010606572316252819,0.5550597532433432,21.02703058420351,0.012284599737600384,-0.3691437508553417,10.6599168526758
max,10.0,0.02509721650258477,0.8119595890982647,29.164994399946124,0.028275520441573426,0.4051609767095483,18.582819660330657
mean,5.5,0.01855043476494581,0.6711254803532422,25.388753735820586,0.01982730163514275,0.03993186664156743,13.510076759295066
