loss,val_loss
0.16833004355430603,0.028674494475126266
0.028083669021725655,0.02175346575677395
0.041752059012651443,0.017527693882584572
0.036427538841962814,0.026814118027687073
0.03653113916516304,0.03700212761759758
0.03842831775546074,0.029092973098158836
0.018999755382537842,0.021390557289123535
0.016780508682131767,0.016245892271399498
0.014475288800895214,0.01735863834619522
0.026470471173524857,0.025386933237314224
0.015231171622872353,0.03221125528216362
0.011005808599293232,0.034542061388492584
0.00862695463001728,0.035792361944913864
0.013369506224989891,0.03420998901128769
0.006267152260988951,0.032012347131967545
0.01288723573088646,0.028217250481247902
0.0097243282943964,0.023417256772518158
0.01610366627573967,0.01894814521074295
0.004437840543687344,0.0153902443125844
0.0065170475281775,0.013615420088171959
0.008838758803904057,0.012830669991672039
0.008322351612150669,0.013207766227424145
0.009004400111734867,0.01433233916759491
0.008314231410622597,0.014117811806499958
0.016940100118517876,0.014030885882675648
0.005585330538451672,0.01347142644226551
0.008100722916424274,0.012806993909180164
0.00983639806509018,0.01195187121629715
0.008147794753313065,0.010591275990009308
0.007971566170454025,0.009043915197253227
0.010373568162322044,0.007443664129823446
0.008325994946062565,0.006613343954086304
0.005423971451818943,0.0063775829039514065
0.0053036948665976524,0.006595100276172161
0.004994724411517382,0.007163775619119406
0.006620469503104687,0.008082475513219833
0.0055514732375741005,0.009584853425621986
0.007112985942512751,0.010618200525641441
0.009481560438871384,0.01068052463233471
0.005538347642868757,0.009674936532974243
0.007178402040153742,0.009236223064363003
0.00542806601151824,0.009155740030109882
0.007197875529527664,0.009170297533273697
0.005395709536969662,0.009501059539616108
0.005542333237826824,0.009754160419106483
0.005708961747586727,0.010332115925848484
0.004140870645642281,0.010950470343232155
0.00558705348521471,0.011434727348387241
0.004967192187905312,0.011609689332544804
0.00626979349181056,0.01188383623957634
0.004940055776387453,0.01163830142468214
0.006245622411370277,0.01131122000515461
0.006879787892103195,0.011022409424185753
0.004258340690284967,0.010957060381770134
0.0046255141496658325,0.01103115826845169
0.005335268564522266,0.011118154972791672
0.0053910063579678535,0.011516081169247627
0.004666909575462341,0.012241750955581665
