loss,val_loss
0.0856512114405632,0.0387805700302124
0.0742369219660759,0.03674808517098427
0.03802724927663803,0.03994622826576233
0.03434060886502266,0.05312858521938324
0.025503557175397873,0.0544154979288578
0.024602314457297325,0.04404908046126366
0.017640652135014534,0.038920361548662186
0.022148700430989265,0.03720440715551376
0.018287207931280136,0.034518126398324966
0.016785822808742523,0.027491869404911995
0.016891272738575935,0.02829674631357193
0.01388090755790472,0.025319190695881844
0.01945061795413494,0.023058654740452766
0.014692786149680614,0.02198036015033722
0.012213568203151226,0.022045249119400978
0.011066442355513573,0.022628221660852432
0.013401191681623459,0.022625718265771866
0.012441362254321575,0.022299230098724365
0.010786276310682297,0.022089149802923203
0.012142052873969078,0.022204142063856125
0.01113064307719469,0.022219974547624588
0.015428521670401096,0.022399066016077995
0.014262060634791851,0.02263806387782097
0.0121588921174407,0.02307775616645813
0.013012026436626911,0.02340293489396572
0.011500971391797066,0.02355152554810047
0.012209364213049412,0.02327042631804943
0.008473771624267101,0.023110873997211456
0.010019274428486824,0.023405849933624268
0.010538936592638493,0.023590857163071632
0.012191511690616608,0.023841900750994682
0.011171871796250343,0.023926176130771637
0.011623881757259369,0.02370981127023697
0.009235134348273277,0.023832552134990692
0.009358322247862816,0.0244106724858284
0.010418981313705444,0.025295859202742577
0.009662644937634468,0.025280995294451714
0.008913608267903328,0.024263836443424225
0.008531969040632248,0.024052269756793976
