loss,val_loss
0.14751507341861725,0.027306366711854935
0.06209809333086014,0.03127877041697502
0.07295077294111252,0.03270431607961655
0.06686630845069885,0.015053493902087212
0.049510568380355835,0.009543274529278278
0.03718888759613037,0.011198482476174831
0.027332520112395287,0.01453313510864973
0.016605345532298088,0.014998683705925941
0.025414522737264633,0.0128354262560606
0.03801598399877548,0.008417113684117794
0.014396339654922485,0.005354837514460087
0.027916623279452324,0.005244909785687923
0.028121698647737503,0.0060775368474423885
0.012900608591735363,0.007264770567417145
0.01731450855731964,0.008434993214905262
0.014604863710701466,0.008891196921467781
0.014245783910155296,0.008917110972106457
0.017947467043995857,0.008152882568538189
0.04206331819295883,0.007465946488082409
0.019468002021312714,0.006242322735488415
0.012551868334412575,0.005114973057061434
0.00899532251060009,0.004590396769344807
0.011445783078670502,0.004612574819475412
0.00726051302626729,0.004967929795384407
0.008375908248126507,0.00522645516321063
0.006428374443203211,0.004904270637780428
0.016295837238430977,0.0041741905733942986
0.01663975417613983,0.003395700128749013
0.011501139029860497,0.0032421790529042482
0.006763193290680647,0.003092219354584813
0.008399095386266708,0.003182742279022932
0.00909509975463152,0.003391439560800791
0.007995041087269783,0.003641869407147169
0.006150463130325079,0.0038602505810558796
0.006972804199904203,0.00403369078412652
0.006782624404877424,0.004111775197088718
0.007632311433553696,0.004097334574908018
0.006233175750821829,0.004088933579623699
0.006723313592374325,0.0040630167350173
0.007269266061484814,0.004004304762929678
0.0068515995517373085,0.004032060503959656
0.007783688139170408,0.004114131443202496
0.007809531409293413,0.004403664264827967
0.006656131707131863,0.004879703279584646
0.005416757892817259,0.005618918687105179
0.007982033304870129,0.00637598242610693
0.0072374362498521805,0.006926892790943384
0.0051767099648714066,0.007402685470879078
0.007496326696127653,0.007718357257544994
0.008306644856929779,0.007912203669548035
0.00779262650758028,0.007998601533472538
0.006134093273431063,0.008175338618457317
0.010433638468384743,0.007687222212553024
0.006417741067707539,0.007598360069096088
0.005452585406601429,0.00765156839042902
