loss,val_loss
0.09070762991905212,0.06518679857254028
0.085171177983284,0.05734534189105034
0.04979667440056801,0.05893191322684288
0.04587353765964508,0.042436666786670685
0.032687123864889145,0.05246865749359131
0.025516342371702194,0.058784399181604385
0.023112690076231956,0.044450629502534866
0.026774941012263298,0.030491149052977562
0.027541102841496468,0.02725362591445446
0.01630573533475399,0.02915523201227188
0.01857282966375351,0.030888406559824944
0.017148921266198158,0.02829122729599476
0.018095340579748154,0.025200380012392998
0.017786307260394096,0.02471969649195671
0.015639450401067734,0.025580275803804398
0.013432804495096207,0.02671721763908863
0.011784573085606098,0.027492843568325043
0.014562664553523064,0.02751833014190197
0.011737349443137646,0.02751179412007332
0.011672486551105976,0.02846211940050125
0.017503585666418076,0.02960970811545849
0.011080591008067131,0.030706947669386864
0.013884215615689754,0.03137437626719475
0.0146586699411273,0.03142761439085007
0.01148268673568964,0.03181571513414383
0.011122268624603748,0.03217609226703644
0.010161506943404675,0.03170473128557205
0.00952479150146246,0.0316065177321434
0.011914936825633049,0.032121650874614716
0.011183982715010643,0.032751329243183136
0.01076345145702362,0.033121515065431595
0.00966043770313263,0.032967258244752884
0.00939115323126316,0.03295890614390373
0.012733877636492252,0.032818350940942764
0.010458726435899734,0.03289748355746269
0.012838942930102348,0.03351355344057083
0.011209824122488499,0.03406134247779846
0.011697182431817055,0.034041158854961395
0.011825506575405598,0.03353710472583771
