loss,val_loss
0.16114875674247742,0.03113209642469883
0.05885692313313484,0.034283336251974106
0.027006875723600388,0.03835331276059151
0.042184390127658844,0.018392400816082954
0.029990969225764275,0.019299903884530067
0.029243331402540207,0.021953800693154335
0.022290874272584915,0.018061205744743347
0.024181125685572624,0.015744121745228767
0.01848129741847515,0.012126869522035122
0.011967765167355537,0.010524285025894642
0.02046268619596958,0.009193457663059235
0.019579101353883743,0.008860928937792778
0.010454896837472916,0.008356940001249313
0.011483781971037388,0.008266039192676544
0.008359890431165695,0.007673600222915411
0.012113935314118862,0.006711757276207209
0.00826476514339447,0.005659910384565592
0.010642901994287968,0.005196182522922754
0.01055588573217392,0.005153886508196592
0.005743886809796095,0.004903869237750769
0.007920302450656891,0.004690134897828102
0.008566676639020443,0.0047271414659917355
0.006008535157889128,0.004891222808510065
0.009214000776410103,0.00490359915420413
0.008877254091203213,0.00514505710452795
0.00639394111931324,0.005561576224863529
0.005456321407109499,0.0061080786399543285
0.005839821416884661,0.006417783908545971
0.004885023459792137,0.0065976353362202644
0.007983258925378323,0.00694355508312583
0.005157195497304201,0.007308728061616421
0.005511289928108454,0.007456482388079166
0.0046160281635820866,0.007591105066239834
0.007902641780674458,0.007529893424361944
0.005609974730759859,0.0074616470374166965
0.007687465753406286,0.007348927669227123
0.006916079204529524,0.007262357510626316
0.006682000122964382,0.007150211371481419
0.006269178353250027,0.007254249416291714
0.006651423405855894,0.007304019294679165
0.004625409841537476,0.007342320866882801
0.006457819137722254,0.0074766287580132484
0.006005990318953991,0.007642277516424656
0.005328183528035879,0.00805143266916275
0.006451401859521866,0.008659354411065578
0.005242613144218922,0.009304662235081196
