loss,val_loss
0.07226143777370453,0.04657067358493805
0.07854659855365753,0.04160289466381073
0.039786651730537415,0.04565922170877457
0.04316176474094391,0.04158028960227966
0.024235080927610397,0.05070053040981293
0.03865080326795578,0.04737906530499458
0.032536253333091736,0.04119732603430748
0.02471053972840309,0.04114999994635582
0.024753272533416748,0.03629772365093231
0.021734537556767464,0.029625339433550835
0.020430386066436768,0.027489006519317627
0.01840551383793354,0.02504199557006359
0.015990233048796654,0.022412395104765892
0.01754310540854931,0.021563826128840446
0.017677010968327522,0.020795777440071106
0.014202489517629147,0.021478906273841858
0.014359654858708382,0.02303730696439743
0.012633687816560268,0.023891257122159004
0.015409733168780804,0.0249905064702034
0.01347293984144926,0.025413518771529198
0.009918229654431343,0.025429992005228996
0.012895993888378143,0.025488220155239105
0.01167385559529066,0.025663262233138084
0.01507725939154625,0.026527641341090202
0.013775442726910114,0.027301011607050896
0.009750619530677795,0.0278558861464262
0.010980634950101376,0.029005594551563263
0.010881230235099792,0.029467124491930008
0.00967973843216896,0.029219789430499077
0.012467584572732449,0.028706658631563187
0.009465607814490795,0.028850633651018143
0.00950236152857542,0.030062884092330933
0.010622505098581314,0.03168931603431702
0.00792277418076992,0.03252321109175682
0.010421540588140488,0.03295601159334183
0.008974473923444748,0.033447980880737305
0.008703826926648617,0.03419177979230881
0.008462449535727501,0.03513267636299133
0.009736044332385063,0.035696178674697876
0.00865097064524889,0.03646179288625717
