loss,val_loss
0.13222183287143707,0.02706995978951454
0.062340136617422104,0.02203635685145855
0.07037835568189621,0.02873839996755123
0.04033228009939194,0.030528277158737183
0.030989421531558037,0.027223091572523117
0.0371929407119751,0.026679549366235733
0.028852153569459915,0.020582135766744614
0.01989082433283329,0.012561025097966194
0.02285045012831688,0.011616175994277
0.024124694988131523,0.014437129721045494
0.012004620395600796,0.015625029802322388
0.013020997866988182,0.014706214889883995
0.025678901001811028,0.01066697295755148
0.014540509320795536,0.00914078764617443
0.01751222088932991,0.00832978542894125
0.009688966907560825,0.009112651459872723
0.014949841424822807,0.00879431888461113
0.015231864526867867,0.009083626791834831
0.01607409678399563,0.008818603120744228
0.014930922538042068,0.00813007727265358
0.009663308039307594,0.007813126780092716
0.008431966416537762,0.007898950017988682
0.009694862179458141,0.007379724644124508
0.010369755327701569,0.0068624019622802734
0.008713167160749435,0.006696517113596201
0.009284086525440216,0.006823855452239513
0.00851502176374197,0.006924259010702372
0.010914754122495651,0.006865468807518482
0.012878400273621082,0.007278595119714737
0.005289998836815357,0.007886849343776703
0.00968716200441122,0.00852185394614935
0.006606728304177523,0.008974169380962849
0.008949870243668556,0.008987299166619778
0.007942592725157738,0.008774171583354473
0.008914669044315815,0.008320769295096397
0.006007798947393894,0.0076723163947463036
0.008629078045487404,0.007046889513731003
0.008347686380147934,0.006845257245004177
0.008523775264620781,0.006948002614080906
0.006433960981667042,0.0072978585958480835
0.008209771476686,0.007716839201748371
0.00878988392651081,0.008317260071635246
0.006147217005491257,0.009035577066242695
0.006942247040569782,0.010121331550180912
0.0042428504675626755,0.01118153240531683
0.011431032791733742,0.011450128629803658
0.007149757817387581,0.011973116546869278
0.0052413009107112885,0.01231110468506813
0.00538985151797533,0.012802885845303535
0.005924492608755827,0.013295033946633339
