loss,val_loss
0.08423764258623123,0.062013689428567886
0.10229884088039398,0.05808931961655617
0.04710821062326431,0.07008782774209976
0.03216614946722984,0.057521041482686996
0.03473900258541107,0.05558706447482109
0.026643123477697372,0.053709033876657486
0.023882253095507622,0.04804695025086403
0.02560490556061268,0.04316125810146332
0.019484974443912506,0.04389149695634842
0.018306640908122063,0.03837764263153076
0.016338462010025978,0.03159172460436821
0.015653684735298157,0.031065700575709343
0.016964204609394073,0.03428596630692482
0.016762953251600266,0.031717877835035324
0.014898122288286686,0.02914370223879814
0.015391002409160137,0.028270883485674858
0.0153663856908679,0.02768799476325512
0.01334313489496708,0.027488745748996735
0.01185043528676033,0.026263756677508354
0.014596720226109028,0.025397785007953644
0.014928183518350124,0.02530529908835888
0.012107037007808685,0.02465405873954296
0.013082819059491158,0.024023624137043953
0.011626172810792923,0.023680496960878372
0.016770819202065468,0.023536019027233124
0.011180764995515347,0.02358136884868145
0.010894940234720707,0.023878850042819977
0.010481360368430614,0.024095183238387108
0.009031937457621098,0.023845789954066277
0.009565531276166439,0.023531712591648102
0.010817809030413628,0.023450469598174095
0.010048515163362026,0.023914776742458344
0.010794458910822868,0.024689646437764168
0.01020959485322237,0.025259077548980713
0.009717288427054882,0.025456683710217476
0.0097121587023139,0.024562083184719086
0.0106115797534585,0.02392587810754776
0.010106518864631653,0.024402586743235588
0.009096262976527214,0.024833519011735916
0.007882899604737759,0.025360338389873505
0.009113045409321785,0.025146521627902985
0.009395006112754345,0.02523168921470642
0.007628022227436304,0.02541891299188137
0.009443623945116997,0.02561061829328537
0.009070580825209618,0.025177396833896637
0.010464944876730442,0.02533276192843914
0.009192713536322117,0.025631723925471306
0.008587476797401905,0.026134204119443893
0.008802883327007294,0.025681378319859505
0.008169535547494888,0.025339925661683083
0.009507746435701847,0.02497371844947338
0.008813836611807346,0.024585263803601265
0.009230392053723335,0.025004776194691658
0.00963524729013443,0.025783104822039604
0.009336965158581734,0.026352258399128914
0.007766545284539461,0.025127572938799858
