loss,val_loss
0.12961634993553162,0.016847169026732445
0.05047914385795593,0.02202916145324707
0.04658270999789238,0.020228149369359016
0.026264788582921028,0.0220295712351799
0.04643227159976959,0.02682194672524929
0.041781019419431686,0.04569799825549126
0.030280940234661102,0.062022775411605835
0.027652017772197723,0.07135697454214096
0.027408229187130928,0.07283087819814682
0.02272653952240944,0.0694202333688736
0.014451218768954277,0.06360386312007904
0.013545997440814972,0.057765014469623566
0.01558246836066246,0.055573247373104095
0.02522820420563221,0.05647118017077446
0.01566733792424202,0.058709096163511276
0.014607870951294899,0.0601688027381897
0.014179281890392303,0.0542905256152153
0.009689496830105782,0.04647050425410271
0.015432119369506836,0.037685852497816086
0.012147652916610241,0.030846262350678444
0.008191977627575397,0.02361356094479561
0.009370541200041771,0.01767572946846485
0.010704665444791317,0.012447490356862545
0.012252097949385643,0.009397621266543865
0.01318620890378952,0.007490390446037054
0.012334412895143032,0.0070635355077683926
0.010038724169135094,0.007046573795378208
0.011252985335886478,0.007144535891711712
0.007975999265909195,0.007365650497376919
0.00808167364448309,0.00753485644236207
0.009396829642355442,0.007549906615167856
0.009341838769614697,0.007628149352967739
0.010678913444280624,0.00753836939111352
0.009779686108231544,0.007525944616645575
0.008627478033304214,0.00749340932816267
0.007297682575881481,0.0074996002949774265
0.008916610851883888,0.007613616995513439
0.009916412644088268,0.007689226418733597
0.008513555862009525,0.007778801955282688
0.008322796784341335,0.0077717965468764305
0.006911172065883875,0.007780212908983231
0.0068571800366044044,0.007758769206702709
0.007664238102734089,0.0077094146981835365
0.007521745748817921,0.007672636304050684
0.007219874765723944,0.007676220033317804
0.007352591026574373,0.0076496959663927555
0.007595363073050976,0.0076419212855398655
0.006994212977588177,0.007668779697269201
0.007280537858605385,0.007714384701102972
0.007931298576295376,0.007843904197216034
0.00782841071486473,0.008070522919297218
0.008886783383786678,0.008182433433830738
