loss,val_loss
0.10988476127386093,0.017406387254595757
0.058310654014348984,0.02123316377401352
0.06448844075202942,0.02171795442700386
0.037118084728717804,0.0219260361045599
0.0409185029566288,0.02283998765051365
0.044352322816848755,0.014229896478354931
0.02296019159257412,0.007577834185212851
0.02337026223540306,0.004655288532376289
0.02190108224749565,0.0112529331818223
0.017225833609700203,0.020837904885411263
0.017431141808629036,0.029551023617386818
0.01630515791475773,0.035052936524152756
0.0192423053085804,0.03318195790052414
0.011188458651304245,0.02746962383389473
0.011759486980736256,0.01901179738342762
0.011401220224797726,0.010395544581115246
0.010495574213564396,0.0063886879943311214
0.007843485102057457,0.005343194119632244
0.009383903816342354,0.005175197962671518
0.008440056815743446,0.00476186303421855
0.012964113615453243,0.005474912002682686
0.008401607163250446,0.007554001174867153
0.009290984831750393,0.011312348768115044
0.009629372507333755,0.016219230368733406
0.010540032759308815,0.020363878458738327
0.005196032114326954,0.023342130705714226
0.006721442099660635,0.02543688379228115
0.007825938053429127,0.026275422424077988
0.007067037746310234,0.025743603706359863
0.006816099863499403,0.024146586656570435
0.009042746387422085,0.021903125569224358
0.007758981082588434,0.01926242932677269
0.007226862944662571,0.01636027917265892
