loss,val_loss
0.09368254989385605,0.05680626630783081
0.08690895140171051,0.036426376551389694
0.04241976514458656,0.037006400525569916
0.03144729882478714,0.041062816977500916
0.025228146463632584,0.03792531043291092
0.023242687806487083,0.039865702390670776
0.020760510116815567,0.04016425088047981
0.01655101776123047,0.034916821867227554
0.01908734068274498,0.03010459989309311
0.016584474593400955,0.025279419496655464
0.017509549856185913,0.02416060119867325
0.01813809759914875,0.025386380031704903
0.015766343101859093,0.025206930935382843
0.014984458684921265,0.024624090641736984
0.013569541275501251,0.022872351109981537
0.015183174051344395,0.021143533289432526
0.01700604148209095,0.021425945684313774
0.01183943822979927,0.02301817387342453
0.012859940528869629,0.023834170773625374
0.015995081514120102,0.02356298454105854
0.014657619409263134,0.023078162223100662
0.015922164544463158,0.024294642731547356
0.011251794174313545,0.025630425661802292
0.010571506805717945,0.026243751868605614
0.009813385084271431,0.025089873000979424
0.011888538487255573,0.024357495829463005
0.008991019800305367,0.025748731568455696
0.011982066556811333,0.026456989347934723
0.010184862650930882,0.025111792609095573
0.01046791858971119,0.025255678221583366
0.010250095278024673,0.026156026870012283
0.007369439583271742,0.02710169367492199
0.009072958491742611,0.027702493593096733
0.011096062138676643,0.029158782213926315
0.012012546882033348,0.02941717393696308
0.00866134837269783,0.02970234304666519
0.010111822746694088,0.029516546055674553
0.010275707580149174,0.02980852872133255
0.009874827228486538,0.029855621978640556
0.008903667330741882,0.029107727110385895
0.00933796912431717,0.02907373197376728
