,Run,MSE_Train,R2_Train,SMAPE_Train,MSE_Test,R2_Test,SMAPE_Test
min,1.0,0.015954407612217447,0.4364125971799593,21.78866757490719,0.01701174080827442,0.40764545334362545,18.987544962000165
max,10.0,0.026805800071979156,0.6645612842908131,25.249570292818536,0.02317426930190262,0.5651650594440181,22.879566672752308
mean,5.5,0.020587837846060993,0.567144199009727,23.786576253855586,0.020605235256422008,0.47331220544400426,21.017470846204397
