,Run,MSE_Train,R2_Train,SMAPE_Train,MSE_Test,R2_Test,SMAPE_Test
min,1.0,0.004221919037226363,0.6587832115295553,17.69741148206033,0.0015520790753018655,0.7207094152666644,8.715837319732541
max,10.0,0.021612339213371943,0.9333441123220344,50.18024017293104,0.010810115605839814,0.9599004221324646,46.15855002496224
mean,5.5,0.012865603703558017,0.7968771480902271,27.059690684906077,0.004320772382792403,0.8883683496744632,19.78652261844182
