,Run,MSE_Train,R2_Train,SMAPE_Train,MSE_Test,R2_Test,SMAPE_Test
min,1.0,0.0012650260481793692,0.8880295937778135,24.496133082881297,0.0004779773315625738,0.925108009516282,24.011320703760443
max,10.0,0.0033848977885589868,0.9581536904969316,31.12734020745631,0.0008459348326944982,0.9576838872412944,29.95477594391229
mean,5.5,0.001984803318464146,0.9343438863676339,26.90589321902853,0.0006931483483206077,0.9386344461772754,27.282960237195205
