{"kl_loss": [1.467203140258789, 1.4492738246917725, 1.4567701816558838, 1.4669756889343262, 1.4497990608215332, 1.4594241380691528, 1.464028000831604, 1.4533801078796387, 1.4560049772262573, 1.4576222896575928, 1.4665119647979736, 1.4699852466583252, 1.4706623554229736, 1.472144365310669, 1.4589346647262573, 1.4634835720062256, 1.4733024835586548, 1.4600800275802612, 1.4560632705688477, 1.453128695487976, 1.4567362070083618, 1.4628934860229492, 1.4507335424423218, 1.4766045808792114, 1.4402525424957275, 1.4853192567825317, 1.4637104272842407, 1.471359372138977, 1.4509118795394897, 1.4727115631103516, 1.4441438913345337, 1.4749529361724854, 1.4660896062850952, 1.444940209388733, 1.4526785612106323, 1.4767649173736572, 1.4457440376281738, 1.4693735837936401, 1.453379511833191, 1.4351683855056763, 1.4735019207000732, 1.475892424583435, 1.4541493654251099, 1.475198745727539, 1.4458186626434326, 1.4632234573364258, 1.4817955493927002, 1.4654541015625, 1.4499309062957764, 1.4497026205062866], "loss": [2.0864555835723877, 2.0807130336761475, 2.0563318729400635, 2.08669376373291, 2.0354833602905273, 2.0486154556274414, 2.0460000038146973, 2.0346922874450684, 2.0373857021331787, 2.0416910648345947, 2.0371856689453125, 2.0574233531951904, 2.0399370193481445, 2.050614833831787, 2.065460443496704, 2.0529141426086426, 2.0540122985839844, 2.040391683578491, 2.030012369155884, 2.0879111289978027, 2.0491538047790527, 2.038360118865967, 2.0386717319488525, 2.086923122406006, 2.045689821243286, 2.05570387840271, 2.0447731018066406, 2.05869722366333, 2.0225610733032227, 2.0247981548309326, 2.0396363735198975, 2.043084144592285, 2.0398550033569336, 2.0303564071655273, 2.035346508026123, 2.0547149181365967, 2.021898031234741, 2.045700788497925, 2.038745164871216, 2.003516674041748, 2.059741258621216, 2.070913791656494, 2.0131139755249023, 2.053635597229004, 2.044447183609009, 2.0356245040893555, 2.0594213008880615, 2.040433645248413, 2.0519864559173584, 2.0275843143463135], "reconstruction_loss": [0.6192521452903748, 0.6314395666122437, 0.5995607376098633, 0.6197176575660706, 0.5856850147247314, 0.5891916751861572, 0.5819718837738037, 0.5813117623329163, 0.5813810229301453, 0.5840686559677124, 0.570673942565918, 0.5874377489089966, 0.5692752003669739, 0.5784704685211182, 0.606526255607605, 0.5894308090209961, 0.58070969581604, 0.5803117156028748, 0.5739487409591675, 0.6347821950912476, 0.5924176573753357, 0.5754662752151489, 0.5879382491111755, 0.6103178858757019, 0.6054373383522034, 0.5703848600387573, 0.5810626745223999, 0.5873376727104187, 0.5716489553451538, 0.5520861744880676, 0.5954920053482056, 0.5681312680244446, 0.5737653374671936, 0.5854161381721497, 0.5826678276062012, 0.5779501795768738, 0.5761544704437256, 0.5763276815414429, 0.5853657126426697, 0.5683479309082031, 0.5862390398979187, 0.5950221419334412, 0.558964729309082, 0.5784375667572021, 0.5986286997795105, 0.5724011063575745, 0.5776256918907166, 0.5749793648719788, 0.6020557880401611, 0.5778815746307373], "val_kl_loss": [1.346847414970398, 1.3881696462631226, 1.417047381401062, 1.4455859661102295, 1.402924656867981, 1.4036494493484497, 1.4526281356811523, 1.4733924865722656, 1.4143489599227905, 1.3936396837234497, 1.414412260055542, 1.452531337738037, 1.4123536348342896, 1.3970286846160889, 1.449433445930481, 1.4318866729736328, 1.4376198053359985, 1.3840984106063843, 1.385628342628479, 1.4130202531814575, 1.392746090888977, 1.402227520942688, 1.4622317552566528, 1.3801276683807373, 1.4493247270584106, 1.4551365375518799, 1.452022910118103, 1.4641574621200562, 1.4498006105422974, 1.4148917198181152, 1.428252100944519, 1.3973487615585327, 1.3818446397781372, 1.4148740768432617, 1.4613887071609497, 1.4862819910049438, 1.408919334411621, 1.4166994094848633, 1.3899097442626953, 1.3858319520950317, 1.4798650741577148, 1.4265823364257812, 1.3828420639038086, 1.3885066509246826, 1.4401073455810547, 1.4383513927459717, 1.4353259801864624, 1.4143633842468262, 1.4300169944763184, 1.4084776639938354], "val_loss": [1.352935791015625, 1.3931145668029785, 1.4220110177993774, 1.4501203298568726, 1.4081045389175415, 1.4088516235351562, 1.4563108682632446, 1.4776180982589722, 1.4196864366531372, 1.3991668224334717, 1.4194859266281128, 1.4558579921722412, 1.4178016185760498, 1.4048004150390625, 1.453358769416809, 1.4345976114273071, 1.4425280094146729, 1.3884841203689575, 1.3900346755981445, 1.4200010299682617, 1.3970285654067993, 1.4078185558319092, 1.4657995700836182, 1.385103464126587, 1.4540061950683594, 1.4593552350997925, 1.4561004638671875, 1.4685049057006836, 1.4544062614440918, 1.4194390773773193, 1.4336602687835693, 1.4014832973480225, 1.3875786066055298, 1.4191107749938965, 1.4657999277114868, 1.4916563034057617, 1.4139548540115356, 1.4223086833953857, 1.3956055641174316, 1.3903990983963013, 1.484311819076538, 1.431782841682434, 1.388777256011963, 1.394015908241272, 1.4453761577606201, 1.4415351152420044, 1.4405585527420044, 1.420146107673645, 1.4342800378799438, 1.4133180379867554], "val_reconstruction_loss": [0.006088425405323505, 0.004944896325469017, 0.004963630810379982, 0.004534315317869186, 0.005179872736334801, 0.005202142987400293, 0.0036827698349952698, 0.004225580021739006, 0.005337418522685766, 0.005527155008167028, 0.00507365632802248, 0.003326656762510538, 0.005447994917631149, 0.007771672680974007, 0.003925288561731577, 0.002710942877456546, 0.0049082133919000626, 0.004385694395750761, 0.004406377673149109, 0.006980735342949629, 0.004282455891370773, 0.005590998101979494, 0.0035677680280059576, 0.004975816700607538, 0.004681435879319906, 0.004218686372041702, 0.00407754722982645, 0.004347431473433971, 0.0046056765131652355, 0.004547367803752422, 0.005408155266195536, 0.004134534392505884, 0.005733997095376253, 0.004236644133925438, 0.00441117724403739, 0.005374282598495483, 0.005035467445850372, 0.005609273910522461, 0.005695872008800507, 0.004567171912640333, 0.004446746315807104, 0.005200546700507402, 0.0059351688250899315, 0.005509314592927694, 0.005268863867968321, 0.0031836864072829485, 0.005232608411461115, 0.0057827322743833065, 0.004263089504092932, 0.004840410314500332], "learning_rate": [0.0010000000474974513, 0.0010000000474974513, 0.0010000000474974513, 0.0010000000474974513, 0.0010000000474974513, 0.0010000000474974513, 0.0010000000474974513, 0.0010000000474974513, 0.0010000000474974513, 0.0010000000474974513, 0.0010000000474974513, 0.0010000000474974513, 0.0010000000474974513, 0.0010000000474974513, 0.0010000000474974513, 0.0010000000474974513, 0.0010000000474974513, 0.0010000000474974513, 0.0010000000474974513, 0.0010000000474974513, 0.0009800000116229057, 0.0009800000116229057, 0.0009800000116229057, 0.0009800000116229057, 0.0009800000116229057, 0.0009800000116229057, 0.0009800000116229057, 0.0009800000116229057, 0.0009800000116229057, 0.0009800000116229057, 0.0009800000116229057, 0.0009800000116229057, 0.0009800000116229057, 0.0009800000116229057, 0.0009800000116229057, 0.0009800000116229057, 0.0009800000116229057, 0.0009800000116229057, 0.0009800000116229057, 0.0009800000116229057, 0.0009603999787941575, 0.0009603999787941575, 0.0009603999787941575, 0.0009603999787941575, 0.0009603999787941575, 0.0009603999787941575, 0.0009603999787941575, 0.0009603999787941575, 0.0009603999787941575, 0.0009603999787941575]}