{"kl_loss": [1.4693058729171753, 1.4527370929718018, 1.4639934301376343, 1.4560387134552002, 1.4586845636367798, 1.4732502698898315, 1.455981969833374, 1.460420846939087, 1.4499402046203613, 1.4451947212219238, 1.461519718170166, 1.481535792350769, 1.4602171182632446, 1.4786291122436523, 1.4454511404037476, 1.4639278650283813, 1.481790542602539, 1.4585832357406616, 1.4560240507125854, 1.4698647260665894, 1.4646549224853516, 1.4582273960113525, 1.4447283744812012, 1.4660993814468384, 1.4527696371078491, 1.4841583967208862, 1.4631731510162354, 1.4631006717681885, 1.4663845300674438, 1.4548602104187012, 1.4489307403564453, 1.4655728340148926, 1.4710934162139893, 1.4461554288864136, 1.456418514251709, 1.4639779329299927, 1.456600546836853, 1.4745992422103882], "loss": [2.071854591369629, 2.0947632789611816, 2.125200033187866, 2.1430587768554688, 2.1067845821380615, 2.0739452838897705, 2.051784038543701, 2.0700182914733887, 2.0632076263427734, 2.0582735538482666, 2.060014247894287, 2.100843906402588, 2.056195020675659, 2.050717830657959, 2.064626693725586, 2.0557637214660645, 2.080929756164551, 2.0520708560943604, 2.0450429916381836, 2.0701756477355957, 2.0891599655151367, 2.053727865219116, 2.0288968086242676, 2.0787863731384277, 2.2095448970794678, 2.1662869453430176, 2.103099822998047, 2.0600621700286865, 2.0899620056152344, 2.0536038875579834, 2.081111192703247, 2.0585503578186035, 2.0787603855133057, 2.0695059299468994, 2.040909767150879, 2.0771517753601074, 2.082528829574585, 2.082392692565918], "reconstruction_loss": [0.6025486588478088, 0.6420261263847351, 0.6612064838409424, 0.6870203018188477, 0.648099958896637, 0.6006948947906494, 0.5958020687103271, 0.6095975637435913, 0.6132673025131226, 0.6130788922309875, 0.598494291305542, 0.6193084716796875, 0.5959779024124146, 0.5720885992050171, 0.6191757917404175, 0.591835618019104, 0.599139392375946, 0.5934880375862122, 0.5890194773674011, 0.6003115177154541, 0.6245051622390747, 0.5955005288124084, 0.5841681957244873, 0.6126871109008789, 0.7567750811576843, 0.6821280717849731, 0.6399264931678772, 0.5969612002372742, 0.6235770583152771, 0.5987434387207031, 0.6321804523468018, 0.5929775238037109, 0.607667088508606, 0.6233502626419067, 0.5844911932945251, 0.6131739616394043, 0.6259289979934692, 0.6077932119369507], "val_kl_loss": [1.3713202476501465, 1.3387449979782104, 1.4382766485214233, 1.4192028045654297, 1.4171830415725708, 1.3978997468948364, 1.4170807600021362, 1.389711618423462, 1.4059990644454956, 1.4112876653671265, 1.4138472080230713, 1.3643654584884644, 1.4115468263626099, 1.3678914308547974, 1.4235339164733887, 1.4394289255142212, 1.4182538986206055, 1.3484597206115723, 1.3525471687316895, 1.3802253007888794, 1.3721083402633667, 1.392149567604065, 1.3567934036254883, 1.385396957397461, 1.4432709217071533, 1.374505639076233, 1.3972834348678589, 1.4307806491851807, 1.4066665172576904, 1.4034312963485718, 1.3777861595153809, 1.3896147012710571, 1.3512558937072754, 1.3960176706314087, 1.4005919694900513, 1.435010552406311, 1.4022096395492554, 1.3837465047836304], "val_loss": [1.378940463066101, 1.3457399606704712, 1.4439537525177002, 1.424708604812622, 1.4232782125473022, 1.4037996530532837, 1.4215167760849, 1.3946220874786377, 1.411672592163086, 1.4174929857254028, 1.4191415309906006, 1.37010657787323, 1.4175480604171753, 1.3761351108551025, 1.4285101890563965, 1.4438023567199707, 1.4240049123764038, 1.3532540798187256, 1.3578063249588013, 1.388420581817627, 1.377314805984497, 1.3984181880950928, 1.3631043434143066, 1.3912129402160645, 1.449465274810791, 1.3810887336730957, 1.4034100770950317, 1.4372612237930298, 1.413912057876587, 1.4088201522827148, 1.384827971458435, 1.3943114280700684, 1.3585007190704346, 1.402571201324463, 1.4069164991378784, 1.4413323402404785, 1.4085383415222168, 1.390056848526001], "val_reconstruction_loss": [0.007620247080922127, 0.006994994822889566, 0.005677082575857639, 0.005505792796611786, 0.006095189601182938, 0.005899965297430754, 0.0044359927996993065, 0.004910437390208244, 0.005673544481396675, 0.006205303594470024, 0.005294372793287039, 0.005741081200540066, 0.006001286208629608, 0.008243724703788757, 0.004976305644959211, 0.004373454954475164, 0.0057509895414114, 0.004794398322701454, 0.005259173456579447, 0.008195322938263416, 0.005206428933888674, 0.006268565077334642, 0.006310923490673304, 0.005815946031361818, 0.006194351240992546, 0.006583041045814753, 0.006126615218818188, 0.0064805238507688046, 0.007245592772960663, 0.005388800986111164, 0.00704182917252183, 0.004696667660027742, 0.007244770415127277, 0.006553530693054199, 0.006324512418359518, 0.006321811117231846, 0.006328739691525698, 0.0063103376887738705], "learning_rate": [0.0010000000474974513, 0.0010000000474974513, 0.0010000000474974513, 0.0010000000474974513, 0.0010000000474974513, 0.0010000000474974513, 0.0010000000474974513, 0.0010000000474974513, 0.0010000000474974513, 0.0010000000474974513, 0.0010000000474974513, 0.0010000000474974513, 0.0010000000474974513, 0.0010000000474974513, 0.0010000000474974513, 0.0010000000474974513, 0.0010000000474974513, 0.0010000000474974513, 0.0010000000474974513, 0.0010000000474974513, 0.0009800000116229057, 0.0009800000116229057, 0.0009800000116229057, 0.0009800000116229057, 0.0009800000116229057, 0.0009800000116229057, 0.0009800000116229057, 0.0009800000116229057, 0.0009800000116229057, 0.0009800000116229057, 0.0009800000116229057, 0.0009800000116229057, 0.0009800000116229057, 0.0009800000116229057, 0.0009800000116229057, 0.0009800000116229057, 0.0009800000116229057, 0.0009800000116229057]}