loss,val_loss
0.09705100208520889,0.056081585586071014
0.060297951102256775,0.04157662019133568
0.04699023440480232,0.0334727019071579
0.05586715042591095,0.0249211136251688
0.04510354995727539,0.01992160640656948
0.02967721037566662,0.019672337919473648
0.033839911222457886,0.019702577963471413
0.018608544021844864,0.02081734873354435
0.019282106310129166,0.017607014626264572
0.014340538531541824,0.01457933522760868
0.015497898682951927,0.010824969969689846
0.009284742176532745,0.007571426220238209
0.010609841905534267,0.005991591606289148
0.009597950614988804,0.005569002125412226
0.013413989916443825,0.005365271121263504
0.013033570721745491,0.005546651314944029
0.010848559439182281,0.006307083647698164
0.006297994405031204,0.007199885789304972
0.011618999764323235,0.008380013518035412
0.00723988376557827,0.010056686587631702
0.009063621051609516,0.010517875663936138
0.0062510184943675995,0.010591449216008186
0.006736152805387974,0.011266433633863926
0.011267575435340405,0.011225086636841297
0.0061769369058310986,0.011754101142287254
0.00735130999237299,0.012280204333364964
0.00843142718076706,0.012272792868316174
0.012968325056135654,0.011523401364684105
0.005570536479353905,0.010970140807330608
0.0051269917748868465,0.010557204484939575
0.007054958492517471,0.010351176373660564
0.009033874608576298,0.01017800997942686
0.007561761885881424,0.010331926867365837
0.009012449532747269,0.010812348686158657
0.004804863128811121,0.011373798362910748
0.00973216537386179,0.011516042985022068
0.006251088809221983,0.012067221105098724
0.005289439111948013,0.012943540699779987
0.005125357769429684,0.014072922058403492
0.007100401446223259,0.015567265450954437
