loss,val_loss
0.1622907966375351,0.062041986733675
0.09250133484601974,0.05392901971936226
0.044940851628780365,0.04761844128370285
0.030963605269789696,0.04693194106221199
0.014743712730705738,0.04416220635175705
0.03339590132236481,0.043919701129198074
0.019527168944478035,0.03879346325993538
0.019742904230952263,0.033441007137298584
0.024098142981529236,0.02920931950211525
0.017769284546375275,0.02561839483678341
0.018922170624136925,0.024149248376488686
0.014929820783436298,0.022588031366467476
0.009006454609334469,0.02086518704891205
0.0172371044754982,0.019289309158921242
0.011960688047111034,0.017538340762257576
0.010636971332132816,0.016182901337742805
0.006347036920487881,0.01483501773327589
0.010642917826771736,0.012845604680478573
0.007878284901380539,0.012024794705212116
0.01007695123553276,0.01162884384393692
0.013995750807225704,0.012312953360378742
0.00956933293491602,0.013325477950274944
0.007041299715638161,0.014617457054555416
0.006415423471480608,0.0158145222812891
0.007560416124761105,0.017040232196450233
0.007352625019848347,0.01769736409187317
0.009711013175547123,0.01816561631858349
0.00903292465955019,0.018380729481577873
0.00882936641573906,0.018321368843317032
0.005402915645390749,0.01824372634291649
0.011114556342363358,0.017404429614543915
0.008570503443479538,0.016650529578328133
0.007307079620659351,0.015928855165839195
0.005257203709334135,0.015380260534584522
0.008097591809928417,0.014945787377655506
0.006235518958419561,0.01480941940099001
0.006457613781094551,0.014963110908865929
0.006787414662539959,0.015331384725868702
0.005291029345244169,0.015968266874551773
0.004460499621927738,0.016672061756253242
0.005254791583865881,0.01759270206093788
0.005298607982695103,0.018708575516939163
0.004345024470239878,0.01981312595307827
0.00531724002212286,0.02119547501206398
0.004457627423107624,0.022751303389668465
