loss,val_loss
0.10056398063898087,0.06495136022567749
0.06544668972492218,0.06020424887537956
0.0315946601331234,0.04520265385508537
0.023079177364706993,0.033447787165641785
0.04333478957414627,0.021719420328736305
0.03927996754646301,0.010987313464283943
0.05099949985742569,0.007167050149291754
0.026882262900471687,0.0066504753194749355
0.015247556380927563,0.007322253193706274
0.012130070477724075,0.007918686605989933
0.010955186560750008,0.008720003068447113
0.018482182174921036,0.010059676133096218
0.00874224305152893,0.01085119228810072
0.01605118066072464,0.010330001823604107
0.011389203369617462,0.009340723976492882
0.00888852495700121,0.00845795776695013
0.0075552454218268394,0.007544614840298891
0.01300143450498581,0.0071252817288041115
0.010535843670368195,0.007179596461355686
0.012168845161795616,0.007255374453961849
0.01203478965908289,0.0073217055760324
0.00907140877097845,0.007490184158086777
0.006653366610407829,0.0076488470658659935
0.006277038715779781,0.007440709043294191
0.009438259527087212,0.006851206999272108
0.008671551942825317,0.005847861524671316
0.009448646567761898,0.004792674910277128
0.006593379192054272,0.0038281138986349106
0.0075869145803153515,0.003111292375251651
0.007598789408802986,0.0025928530376404524
0.005694149062037468,0.0025165763217955828
0.004698543343693018,0.002793495776131749
0.005752493627369404,0.003236452816054225
0.005301984027028084,0.0038810677360743284
0.005550182890146971,0.004628702532500029
0.0063069951720535755,0.005024142097681761
0.003785329405218363,0.005698216613382101
0.0057005006819963455,0.0060175945982337
0.004053634591400623,0.0064462823793292046
0.005655055865645409,0.006746342871338129
0.005500002298504114,0.006793328560888767
0.004688209854066372,0.006722574587911367
0.005471395328640938,0.006103637628257275
0.005708860233426094,0.005835843738168478
0.0049697053618729115,0.005675686988979578
0.004153173416852951,0.005667072255164385
0.004674770403653383,0.006051254458725452
0.00622053537517786,0.0065527972765266895
0.004135792143642902,0.006832749117165804
0.004076281562447548,0.007368548773229122
0.004779927898198366,0.007863792590796947
0.0051876758225262165,0.00842047668993473
0.00509794894605875,0.008805353194475174
0.004765550140291452,0.009105132892727852
0.006536148954182863,0.009017569944262505
0.0052221836522221565,0.009092320688068867
