loss,val_loss
0.09296812117099762,0.052255380898714066
0.08885353058576584,0.049092989414930344
0.047701966017484665,0.06441910564899445
0.03825385123491287,0.06395089626312256
0.025805190205574036,0.05525384470820427
0.025862563401460648,0.04347861558198929
0.022730298340320587,0.03761263191699982
0.023025117814540863,0.03495929390192032
0.01966860517859459,0.033478815108537674
0.016601698473095894,0.03387469798326492
0.019749803468585014,0.03390970826148987
0.02040904387831688,0.031525369733572006
0.013533513993024826,0.027145087718963623
0.01619812287390232,0.02638903632760048
0.014992006123065948,0.024247165769338608
0.01799745298922062,0.020602786913514137
0.014146250672638416,0.02029660902917385
0.01685899868607521,0.0219207014888525
0.015486218966543674,0.025584036484360695
0.012423422187566757,0.02838781848549843
0.013909253291785717,0.030911019071936607
0.016736363992094994,0.02887769229710102
0.011759886518120766,0.029598750174045563
0.012315415777266026,0.03228611871600151
0.011051354929804802,0.03342614695429802
0.01127448957413435,0.034141793847084045
0.012222854420542717,0.03358333185315132
0.012054460123181343,0.03297051787376404
0.011397848837077618,0.03460164740681648
0.010659724473953247,0.037661973387002945
0.011355736292898655,0.038724385201931
0.010569467209279537,0.0380207896232605
0.011259775608778,0.0386682003736496
0.00802668184041977,0.04043375328183174
0.011274672113358974,0.040107328444719315
0.007828203029930592,0.03968970850110054
0.009696833789348602,0.03902820497751236
0.009981033392250538,0.03761307895183563
0.010104326531291008,0.03823316469788551
0.009312606416642666,0.04072744399309158
0.010111947543919086,0.041455820202827454
0.011637385003268719,0.04057418182492256
