loss,val_loss
0.15601149201393127,0.06252670288085938
0.056315332651138306,0.0551862008869648
0.03922489657998085,0.058276109397411346
0.04662279784679413,0.06302186101675034
0.05363611504435539,0.059403758496046066
0.05090924724936485,0.04814877361059189
0.036189984530210495,0.036906030029058456
0.03977489471435547,0.04046935215592384
0.02448331192135811,0.03579210862517357
0.034079719334840775,0.028766298666596413
0.016971543431282043,0.023129794746637344
0.018093422055244446,0.022535255178809166
0.018895508721470833,0.022166024893522263
0.01445862464606762,0.02269815467298031
0.018736766651272774,0.02437512017786503
0.01458750944584608,0.026824017986655235
0.011768516153097153,0.027151543647050858
0.013478927314281464,0.02601289562880993
0.01278096716850996,0.023639312013983727
0.012289452366530895,0.02125837840139866
0.012165437452495098,0.018039798364043236
0.010308543220162392,0.015262912027537823
0.008376984857022762,0.012996839359402657
0.007809116505086422,0.011389254592359066
0.008859205059707165,0.010532936081290245
0.00899337325245142,0.010955031029880047
0.006870794575661421,0.01098459493368864
0.011124945245683193,0.010397113859653473
0.007416499778628349,0.010320916771888733
0.006000106688588858,0.01027507521212101
0.006046873051673174,0.010488889180123806
0.008544069714844227,0.011072318069636822
0.00562420766800642,0.01194061804562807
0.005331430584192276,0.01251243893057108
0.007454242091625929,0.013144281692802906
0.0067617641761898994,0.01400055829435587
0.0067022996954619884,0.014925719238817692
0.0078502856194973,0.015913214534521103
0.008767594583332539,0.016708580777049065
0.006093482952564955,0.01760423183441162
0.004181066993623972,0.018543468788266182
0.007231620140373707,0.019512543454766273
0.005953012965619564,0.020311744883656502
0.006231354549527168,0.021152690052986145
0.006035036873072386,0.02203282341361046
0.004787691403180361,0.02298094891011715
0.007725803181529045,0.022969940677285194
0.004261608701199293,0.022757530212402344
0.0055855317041277885,0.022327622398734093
0.006443343590945005,0.021734846755862236
0.004909282550215721,0.020694615319371223
0.005288266576826572,0.020129075273871422
0.004925568122416735,0.01979498192667961
0.00550635764375329,0.01936577819287777
0.005552990362048149,0.019376831129193306
