loss,val_loss
0.12989220023155212,0.062373168766498566
0.0862552598118782,0.03609747067093849
0.055068518966436386,0.036713745445013046
0.03463149443268776,0.03305347263813019
0.03512777388095856,0.03418648615479469
0.027022240683436394,0.03258896619081497
0.026907147839665413,0.03647404909133911
0.029215574264526367,0.03610749542713165
0.021299155429005623,0.033626530319452286
0.02200990729033947,0.031165117397904396
0.01652018539607525,0.03067813627421856
0.016919489949941635,0.03303788974881172
0.013284500688314438,0.03780499845743179
0.015041445381939411,0.04068324714899063
0.01761992648243904,0.040858082473278046
0.011705317534506321,0.041369494050741196
0.015109822154045105,0.04381539300084114
0.011089267209172249,0.04498395323753357
0.015199784189462662,0.04471971467137337
0.010707036592066288,0.04303247481584549
0.0147203104570508,0.043240003287792206
0.011314415372908115,0.04518602043390274
0.009638306684792042,0.04716039076447487
0.010049201548099518,0.04844217747449875
0.01099549513310194,0.04955945536494255
0.011039230972528458,0.05041828751564026
0.010737350210547447,0.050910480320453644
0.00906428974121809,0.04964122176170349
0.01263638399541378,0.049658291041851044
0.01162673719227314,0.050946418195962906
0.009873551316559315,0.05152267962694168
0.008973151445388794,0.05153453350067139
0.011556928977370262,0.051021404564380646
0.009442554786801338,0.0507359579205513
0.008621343411505222,0.050437621772289276
0.012286514975130558,0.05048813298344612
