loss,val_loss
0.10660189390182495,0.06127210333943367
0.04748224839568138,0.061381224542856216
0.07140187919139862,0.057447679340839386
0.03635204955935478,0.04390367865562439
0.03984800726175308,0.03234514221549034
0.0360979288816452,0.027550768107175827
0.03902406990528107,0.026688337326049805
0.02468588389456272,0.0282394140958786
0.026994461193680763,0.03678332641720772
0.03977372869849205,0.038009919226169586
0.02378544583916664,0.0330156572163105
0.028763096779584885,0.023532897233963013
0.011551765725016594,0.01845010742545128
0.020383473485708237,0.016002120450139046
0.013214284554123878,0.01468571089208126
0.01575828157365322,0.014381038025021553
0.013370971195399761,0.013963806442916393
0.023501647636294365,0.013722022995352745
0.010402255691587925,0.013819077983498573
0.014540199190378189,0.01421546470373869
0.01180692482739687,0.014969920739531517
0.012611486949026585,0.015745652839541435
0.00567504670470953,0.016425611451268196
0.009640350006520748,0.017122307792305946
0.009972818195819855,0.017464661970734596
0.009045219980180264,0.01799691841006279
0.007805568166077137,0.018137166276574135
0.009745151735842228,0.018433179706335068
0.005814571864902973,0.018699457868933678
0.00634528836235404,0.019171854481101036
0.005555929150432348,0.019650505855679512
0.007569436449557543,0.019920388236641884
0.0047195362858474255,0.020157525315880775
0.007310805842280388,0.020466089248657227
0.007405250333249569,0.020583704113960266
0.00429283594712615,0.020859012380242348
0.0048810443840920925,0.021129557862877846
0.005487062968313694,0.021201875060796738
0.005185628309845924,0.021275749430060387
0.0040529388934373856,0.021173443645238876
0.00785051565617323,0.020901113748550415
0.006361122243106365,0.020523538812994957
0.005205821245908737,0.020350728183984756
