loss,val_loss
0.07868879288434982,0.06293114274740219
0.0672365054488182,0.04245763272047043
0.03362737223505974,0.039389923214912415
0.027918390929698944,0.034905146807432175
0.02930423803627491,0.04456736519932747
0.024219660088419914,0.04310247302055359
0.01817082241177559,0.04047021642327309
0.017622681334614754,0.034302059561014175
0.023081688210368156,0.02752573788166046
0.015565814450383186,0.025560714304447174
0.017363306134939194,0.025144711136817932
0.0129642803221941,0.024502234533429146
0.012307863682508469,0.024007532745599747
0.015690194442868233,0.023728443309664726
0.01693429984152317,0.02663148008286953
0.012569914571940899,0.02616933174431324
0.010265995748341084,0.026521924883127213
0.010460656136274338,0.027123071253299713
0.013405708596110344,0.028523243963718414
0.01457516010850668,0.02925611473619938
0.012637984938919544,0.02819310501217842
0.01084248349070549,0.02843145839869976
0.009858899749815464,0.030076822265982628
0.009881139732897282,0.031837910413742065
0.010475588962435722,0.03251082822680473
0.011654287576675415,0.031027402728796005
0.011062365025281906,0.030752914026379585
0.009442919865250587,0.03202800825238228
0.011396140791475773,0.034654419869184494
0.010120500810444355,0.03680798411369324
0.010995205491781235,0.03788725286722183
0.010416872799396515,0.03774439916014671
0.008443030528724194,0.03704346716403961
0.010355694219470024,0.038274068385362625
0.008559639565646648,0.03855885565280914
0.009766848757863045,0.03821100667119026
0.008523402735590935,0.038419123739004135
0.009251251816749573,0.039903998374938965
0.00971455778926611,0.04131309688091278
