loss,val_loss
0.10572110861539841,0.055029649287462234
0.06918740272521973,0.04210942983627319
0.0499667190015316,0.036555659025907516
0.03171504661440849,0.04023676738142967
0.024300046265125275,0.03692182898521423
0.031045274809002876,0.032445333898067474
0.02731512114405632,0.03161969408392906
0.020846610888838768,0.029709165915846825
0.017161106690764427,0.02832077257335186
0.01999012380838394,0.029000142589211464
0.01663719117641449,0.03057381883263588
0.015462257899343967,0.029508421197533607
0.015322966501116753,0.028047064319252968
0.01749466173350811,0.028415385633707047
0.014470729045569897,0.03022528626024723
0.014383537694811821,0.033061783760786057
0.01387845166027546,0.035891659557819366
0.014774400740861893,0.03670404478907585
0.013888174667954445,0.03612634912133217
0.009611880406737328,0.03546442091464996
0.011828117072582245,0.03537586331367493
0.012100429274141788,0.03573722764849663
0.01371814962476492,0.03605183959007263
0.011682393960654736,0.036216091364622116
0.01123135071247816,0.035870734602212906
0.010807440616190434,0.035745326429605484
0.010954611003398895,0.036293286830186844
0.010720901191234589,0.036803990602493286
0.011000949889421463,0.03714752569794655
0.01157215517014265,0.036799296736717224
0.012118452228605747,0.03683725371956825
0.009915472008287907,0.03756080940365791
0.010247011668980122,0.03736795112490654
0.010481375269591808,0.03652496263384819
0.010084301233291626,0.037469539791345596
0.007834476418793201,0.03891577571630478
0.010859958827495575,0.03955906629562378
0.008169795386493206,0.039291393011808395
