loss,val_loss
0.06837861984968185,0.04204561933875084
0.052035924047231674,0.04220910370349884
0.04726745933294296,0.04466908797621727
0.03864853456616402,0.04101988673210144
0.030892692506313324,0.039694059640169144
0.02888309583067894,0.04045723006129265
0.02635098248720169,0.040473572909832
0.020208269357681274,0.03369562700390816
0.0177364069968462,0.027330413460731506
0.020444819703698158,0.025371292605996132
0.016081834211945534,0.024978414177894592
0.01792035810649395,0.026637358590960503
0.014979307539761066,0.028115050867199898
0.012228698469698429,0.02897881530225277
0.014164400286972523,0.03059629537165165
0.014001919887959957,0.031329065561294556
0.014509475789964199,0.03200344741344452
0.013287403620779514,0.03357283025979996
0.01579168066382408,0.036080822348594666
0.010284129530191422,0.038592759519815445
0.013605629093945026,0.04081721603870392
0.012264367192983627,0.042346417903900146
0.01110282726585865,0.044129084795713425
0.011546975001692772,0.04581617936491966
0.011788486503064632,0.04806116595864296
0.010380828753113747,0.05012141913175583
0.010984787717461586,0.05174030736088753
0.011880052275955677,0.053384292870759964
0.009397494606673717,0.053015295416116714
0.009665781632065773,0.052970562130212784
0.009473996236920357,0.05565353110432625
0.011053520254790783,0.05782552435994148
0.008027376607060432,0.056098029017448425
0.010837558656930923,0.053216807544231415
0.009624102152884007,0.05456625670194626
0.00909228902310133,0.056338828057050705
