loss,val_loss
0.1167905405163765,0.057897891849279404
0.049584634602069855,0.04340353235602379
0.03968515619635582,0.041462115943431854
0.03436125069856644,0.04187711328268051
0.028913401067256927,0.04750429093837738
0.029563715681433678,0.048965126276016235
0.027356944978237152,0.046855900436639786
0.02338346466422081,0.04702860116958618
0.019124727696180344,0.046327680349349976
0.01681768335402012,0.03842039033770561
0.014648248441517353,0.029171284288167953
0.017028668895363808,0.02545194886624813
0.017039190977811813,0.025578780099749565
0.013795231468975544,0.02570200338959694
0.014086262322962284,0.026846125721931458
0.013580434955656528,0.0258975587785244
0.013363763689994812,0.025642922148108482
0.013532792218029499,0.025410976260900497
0.013974378816783428,0.026700863614678383
0.013156052678823471,0.029189983382821083
0.011014027521014214,0.031437817960977554
0.012598572298884392,0.031447943300008774
0.01208699494600296,0.029879942536354065
0.013578850775957108,0.030082395300269127
0.01032510306686163,0.03149239346385002
0.010315182618796825,0.03188333660364151
0.011008012108504772,0.031135741621255875
0.008287169970571995,0.030780330300331116
0.012093840166926384,0.03210948035120964
0.00915409903973341,0.03328739106655121
0.011969856917858124,0.032710928469896317
0.0089830057695508,0.033040180802345276
0.009152456186711788,0.03425973281264305
0.010155913420021534,0.0361955352127552
0.00931562390178442,0.03788091614842415
0.009673279710114002,0.037084389477968216
0.008764862082898617,0.03578723594546318
0.008475291542708874,0.035823673009872437
0.007148504722863436,0.03689299151301384
0.007747722323983908,0.03925837203860283
0.010246860794723034,0.040127940475940704
0.008563666604459286,0.039623137563467026
0.008434181101620197,0.039192505180835724
