loss,val_loss
0.08612897247076035,0.049116332083940506
0.054985810071229935,0.03409404307603836
0.041592832654714584,0.0356886200606823
0.029127631336450577,0.04910740256309509
0.03238656371831894,0.043893229216337204
0.026446018368005753,0.04194900020956993
0.025248605757951736,0.038655657321214676
0.0183899886906147,0.044526416808366776
0.01958201266825199,0.0410526767373085
0.019587978720664978,0.032063860446214676
0.017534328624606133,0.028219299390912056
0.016853874549269676,0.02741025947034359
0.011411176063120365,0.028913801535964012
0.015106608159840107,0.029325922951102257
0.014826910570263863,0.02957148291170597
0.018635036423802376,0.03604690358042717
0.014207792468369007,0.03951150178909302
0.013509907759726048,0.037744637578725815
0.01819879189133644,0.035671669989824295
0.012125426903367043,0.037311386317014694
0.011044029146432877,0.042023006826639175
0.012956438586115837,0.04744139686226845
0.01382375042885542,0.04963666945695877
0.012078390456736088,0.04963964968919754
0.012669363059103489,0.04892584681510925
0.011440885253250599,0.05069046467542648
0.011191561818122864,0.05539780110120773
0.010583560913801193,0.05971013754606247
0.011070795357227325,0.06048431247472763
0.010203060694038868,0.05973859503865242
0.010134243406355381,0.06000514328479767
0.00930387619882822,0.060421258211135864
0.010128669440746307,0.05996076390147209
0.008868053555488586,0.058972619473934174
0.010515213944017887,0.06071210652589798
0.009584595449268818,0.06109274551272392
0.009655216708779335,0.05918797850608826
