loss,val_loss
0.14398470520973206,0.05342656746506691
0.04316003620624542,0.04448302462697029
0.03783135861158371,0.04171643778681755
0.03329416736960411,0.043945927172899246
0.029814615845680237,0.03272921219468117
0.027486687526106834,0.02965264394879341
0.029201112687587738,0.02604609541594982
0.022710442543029785,0.022304212674498558
0.0307126697152853,0.020060768350958824
0.03070071153342724,0.013462710194289684
0.016444707289338112,0.007637204136699438
0.025959134101867676,0.006232755724340677
0.020504215732216835,0.007526823785156012
0.016496121883392334,0.01031569205224514
0.016716329380869865,0.011169202625751495
0.0160093754529953,0.011604449711740017
0.012635582126677036,0.009178410284221172
0.022814907133579254,0.00648102443665266
0.017247295007109642,0.0043308972381055355
0.012184900231659412,0.004062305204570293
0.008745718747377396,0.004307718947529793
0.014924952760338783,0.004640605300664902
0.009243088774383068,0.004713126458227634
0.008111461065709591,0.004825007636100054
0.006500652525573969,0.004980015568435192
0.012382227927446365,0.004660184029489756
0.005993501283228397,0.004613474011421204
0.005843748338520527,0.0043575274758040905
0.007983405143022537,0.004198393784463406
0.006497503723949194,0.0037631839513778687
0.0059198965318500996,0.003416582476347685
0.007638728711754084,0.003274309216067195
0.0076889945194125175,0.003243447747081518
0.008074006997048855,0.0034339053090661764
0.006144952494651079,0.003778961719945073
0.005547191947698593,0.0042486172169446945
0.009036952629685402,0.004988877568393946
0.005582938436418772,0.005994442850351334
0.008359071798622608,0.007211563177406788
0.0052696396596729755,0.008622932247817516
0.005914727691560984,0.010155603289604187
0.005368884187191725,0.01186278648674488
0.005679240915924311,0.01369923260062933
0.005365070421248674,0.015412384644150734
0.005299310199916363,0.016888383775949478
0.006330526899546385,0.018428610637784004
0.010404632426798344,0.019556347280740738
0.004958021454513073,0.020714862272143364
0.00486714718863368,0.02195502258837223
0.004782583098858595,0.023197617381811142
0.004615282639861107,0.024779483675956726
0.005020661745220423,0.025755662471055984
0.005016199313104153,0.02677987515926361
0.0068862708285450935,0.027182122692465782
0.005191674456000328,0.02798190899193287
0.0045087519101798534,0.028065623715519905
0.007312026806175709,0.02812580205500126
0.005032257176935673,0.027801284566521645
