,Run,MSE_Train,R2_Train,SMAPE_Train,MSE_Test,R2_Test,SMAPE_Test
min,1.0,0.004636088022406003,0.7099484123205284,16.16597248995687,0.000977819300997819,0.8453036961094186,7.538708815500041
max,10.0,0.01837158520366536,0.9268051898291086,35.40465552485227,0.012294932889443954,0.9876969615777972,31.40106408403178
mean,5.5,0.009918168276267464,0.8434114191284052,22.847158484492315,0.005903495934409284,0.9257215139522821,16.742414525594405
