,Run,MSE_Train,R2_Train,SMAPE_Train,MSE_Test,R2_Test,SMAPE_Test
min,1.0,0.0024973056048696943,0.7840167618330077,13.368721045313222,0.00833102127109801,0.7061443528846664,10.15380313479244
max,10.0,0.010272769533586846,0.9474945729611821,17.272758017313805,0.011496307305438864,0.7870518261466516,15.742387972682467
mean,5.5,0.004717045082935627,0.9008249266898136,15.661589365213908,0.010472330369949222,0.7323180969413453,12.132750832264652
