loss,val_loss
0.16429457068443298,0.10748089104890823
0.13510850071907043,0.10616058111190796
0.13903425633907318,0.10530328750610352
0.1298200935125351,0.10467209666967392
0.1194482147693634,0.10448386520147324
0.11894062906503677,0.104597307741642
0.1058284118771553,0.10468712449073792
0.11144164204597473,0.10452982038259506
0.11560867726802826,0.10419174283742905
0.11254701763391495,0.10393133014440536
0.10964376479387283,0.10362208634614944
0.10323932021856308,0.10319650173187256
0.10911393165588379,0.10286563634872437
0.10728740692138672,0.10260114073753357
0.1024613007903099,0.1023983359336853
0.11214709281921387,0.10230345278978348
0.11471802741289139,0.10219606012105942
0.10344304144382477,0.10228706151247025
0.10028362274169922,0.10251197963953018
0.09813161939382553,0.10295942425727844
0.0986114963889122,0.10336670279502869
0.10145806521177292,0.1036658063530922
0.09253527224063873,0.10404684394598007
0.09768704324960709,0.10445068031549454
0.09541645646095276,0.1050957664847374
0.092484250664711,0.10585486143827438
0.09078262746334076,0.10637879371643066
0.09555844217538834,0.1065940260887146
0.09353511035442352,0.10686936229467392
0.0953427329659462,0.1070726290345192
0.09640735387802124,0.10714564472436905
0.08956370502710342,0.1072726771235466
0.09127260744571686,0.10763073712587357
0.08612338453531265,0.10805309563875198
0.09110835194587708,0.10821720212697983
0.09033957868814468,0.10824072360992432
0.08952329307794571,0.10830346494913101
0.09866747260093689,0.10826534032821655
0.09008187800645828,0.10847052186727524
0.09180349111557007,0.10896342992782593
0.0925036296248436,0.10960990190505981
0.08944892883300781,0.10973646491765976
