loss,val_loss
0.14103244245052338,0.10725060105323792
0.12011163681745529,0.10656081885099411
0.12153855711221695,0.10588572174310684
0.11077989637851715,0.10527315735816956
0.10556847602128983,0.10493484884500504
0.1110217422246933,0.10478433221578598
0.11310680210590363,0.10469728708267212
0.10733610391616821,0.10457003116607666
0.10728368908166885,0.10428313165903091
0.102937251329422,0.10415969043970108
0.10118545591831207,0.10403957217931747
0.09723563492298126,0.10395706444978714
0.1059788316488266,0.10397770255804062
0.10152621567249298,0.10410138964653015
0.10160252451896667,0.1042880043387413
0.09644622355699539,0.10447603464126587
0.09947024285793304,0.10471618175506592
0.09409255534410477,0.10482317209243774
0.10003025829792023,0.10496260970830917
0.09447125345468521,0.10516643524169922
0.09964112937450409,0.10543046146631241
0.09725207835435867,0.10560359805822372
0.09054376929998398,0.10589083284139633
0.09315904974937439,0.10613050311803818
0.08969257771968842,0.10635586827993393
0.09192244708538055,0.10643399506807327
0.09634357690811157,0.10650406032800674
0.09299340844154358,0.10669782757759094
0.09325872361660004,0.10678216814994812
0.09488113969564438,0.10690560191869736
0.09470521658658981,0.10698375850915909
0.09207810461521149,0.10676787048578262
0.08604547381401062,0.10677894949913025
0.08886517584323883,0.10667765140533447
0.0884699672460556,0.10676184296607971
0.08781405538320541,0.10683780908584595
0.09595552086830139,0.10709148645401001
