loss,val_loss
0.15066973865032196,0.10650360584259033
0.1492624580860138,0.1053132638335228
0.12067323178052902,0.10455626249313354
0.12793098390102386,0.10382595658302307
0.12121433019638062,0.10330680757761002
0.11479885131120682,0.10300474613904953
0.11409135162830353,0.1028512716293335
0.1140366941690445,0.10279860347509384
0.11917402595281601,0.10263917595148087
0.105227530002594,0.10229577869176865
0.11264761537313461,0.10189864039421082
0.11769656091928482,0.10148689895868301
0.09820818901062012,0.1011417880654335
0.10158015787601471,0.10086283832788467
0.10814637690782547,0.10072054713964462
0.09640766680240631,0.10058251768350601
0.10005311667919159,0.1004161611199379
0.10618423670530319,0.10039445012807846
0.10014655441045761,0.1001962199807167
0.10290779173374176,0.0998980775475502
0.09356500953435898,0.09964098781347275
0.09525590389966965,0.09956797957420349
0.09774623811244965,0.09965119510889053
0.09676647931337357,0.09974250197410583
0.0952034592628479,0.09973382204771042
0.09427864849567413,0.09983871132135391
0.0935852974653244,0.10012540221214294
0.0989072173833847,0.1004657968878746
0.09950880706310272,0.10083010047674179
0.09099450707435608,0.10116366297006607
0.09885179996490479,0.10130413621664047
0.09285421669483185,0.10180435329675674
0.09640928357839584,0.10238995403051376
0.08905209600925446,0.10282117873430252
0.09433842450380325,0.10309161990880966
0.08704984933137894,0.10322890430688858
0.09439206123352051,0.10370496660470963
0.08957411348819733,0.10434746742248535
0.08812831342220306,0.1052415743470192
0.09049741178750992,0.10617688298225403
0.08874328434467316,0.10636594146490097
0.08896485716104507,0.1062571182847023
0.08425114303827286,0.106037937104702
0.08833281695842743,0.10558834671974182
0.08628956973552704,0.10537850856781006
0.08904467523097992,0.10482307523488998
0.08452025800943375,0.10407841205596924
