loss,val_loss
0.1301509290933609,0.11314138025045395
0.07456247508525848,0.07948483526706696
0.08457188308238983,0.0630018413066864
0.0807562991976738,0.06659278273582458
0.03335436061024666,0.10293100029230118
0.04153944179415703,0.1500432789325714
0.03806787356734276,0.17411121726036072
0.02973916195333004,0.16959898173809052
0.028506221249699593,0.1266377866268158
0.02753603272140026,0.09333377331495285
0.03249981254339218,0.07162202894687653
0.02210649661719799,0.053172677755355835
0.023006457835435867,0.04015694186091423
0.01923074573278427,0.03206285461783409
0.02262510359287262,0.02704959735274315
0.02296154387295246,0.023738276213407516
0.02070985920727253,0.022900262847542763
0.024314695969223976,0.022310690954327583
0.018954124301671982,0.021202033385634422
0.019254954531788826,0.020547514781355858
0.013916759751737118,0.02138136327266693
0.012438591569662094,0.02446446195244789
0.011689722537994385,0.02758002281188965
0.014919080771505833,0.029916003346443176
0.012186592444777489,0.032855212688446045
0.014035336673259735,0.03628293797373772
0.010895682498812675,0.03844732791185379
0.011797798797488213,0.040377408266067505
0.009758866392076015,0.04237603023648262
0.00695228623226285,0.044855840504169464
0.007092729676514864,0.04771073907613754
0.013861983083188534,0.05032801628112793
0.0068552931770682335,0.05312870070338249
0.008111940696835518,0.055889926850795746
0.007702834438532591,0.057726092636585236
0.008664361201226711,0.058861684054136276
0.009782546199858189,0.06074249744415283
0.007457629777491093,0.06154324486851692
0.010301051661372185,0.061009496450424194
0.00614321930333972,0.0597715899348259
0.009297123178839684,0.057128529995679855
0.007577178999781609,0.053585175424814224
0.005990333389490843,0.05156836286187172
0.006884782109409571,0.05035969242453575
0.006067019421607256,0.051125574856996536
