loss,val_loss
0.14642295241355896,0.07818738371133804
0.06854807585477829,0.04607320949435234
0.03459743410348892,0.05108901858329773
0.04925281181931496,0.0745391771197319
0.032762523740530014,0.08329705148935318
0.04572264850139618,0.05379798635840416
0.021882783621549606,0.037047963589429855
0.021276455372571945,0.028267979621887207
0.02149633690714836,0.025118980556726456
0.025984948500990868,0.025329891592264175
0.029171733185648918,0.033404719084501266
0.02097845822572708,0.04239322617650032
0.01799359731376171,0.047134287655353546
0.01233209390193224,0.039157528430223465
0.013828957453370094,0.02791942097246647
0.018822001293301582,0.01726796291768551
0.011496425606310368,0.017135372385382652
0.01569879986345768,0.023692989721894264
0.015537763014435768,0.030659565702080727
0.013451200909912586,0.03495616093277931
0.009409396909177303,0.034421440213918686
0.014075817540287971,0.030814601108431816
0.00864599458873272,0.027175845578312874
0.009406042285263538,0.02585935778915882
0.00909451860934496,0.02549019455909729
0.007642530836164951,0.026226917281746864
0.008550148457288742,0.028183890506625175
0.009283242747187614,0.03191309794783592
0.009843019768595695,0.03478880971670151
0.009746239520609379,0.036445003002882004
0.005817466881126165,0.037818361073732376
0.007072237320244312,0.039168912917375565
0.009182811714708805,0.03912719711661339
0.008918782696127892,0.0370846651494503
0.011784288100898266,0.03195609152317047
0.009278913028538227,0.02792627178132534
0.004624438006430864,0.02528153732419014
0.0076933689415454865,0.023277651518583298
0.006091599352657795,0.022230764850974083
0.005521348211914301,0.0219305157661438
0.009031129069626331,0.022203747183084488
0.007905235514044762,0.023119976744055748
