loss,val_loss
0.12409830093383789,0.07620564848184586
0.08358120173215866,0.08394666761159897
0.04074278101325035,0.07949034124612808
0.04196400195360184,0.07221537083387375
0.0387713648378849,0.08146105706691742
0.025097381323575974,0.07919253408908844
0.030340803787112236,0.06995745748281479
0.02041139267385006,0.0647653117775917
0.01688603311777115,0.06202095001935959
0.022175360471010208,0.0501677580177784
0.016383498907089233,0.045756109058856964
0.010551763698458672,0.043245941400527954
0.01592724584043026,0.05254920572042465
0.015784194692969322,0.05832996964454651
0.01283347513526678,0.07347651571035385
0.01128074899315834,0.08155729621648788
0.014586832374334335,0.08911231905221939
0.009215234778821468,0.09593838453292847
0.01351990643888712,0.0959828719496727
0.010535589419305325,0.0941510796546936
0.01361619122326374,0.09515835344791412
0.01315135695040226,0.09174085408449173
0.0075958105735480785,0.08836168795824051
0.008764787577092648,0.0820806622505188
0.007388984318822622,0.0777774527668953
0.005210190080106258,0.07460782676935196
0.008203612640500069,0.07092579454183578
0.007932444103062153,0.06819501519203186
0.008242466486990452,0.06751659512519836
0.007884819060564041,0.0670386478304863
0.006645916495472193,0.06739459931850433
0.0061988201923668385,0.06671815365552902
0.005877859424799681,0.06531921774148941
0.007334460504353046,0.06374535709619522
0.008707113564014435,0.060044486075639725
0.011717061512172222,0.05574736371636391
0.007767919450998306,0.052034519612789154
