loss,val_loss
0.11059495806694031,0.05998111516237259
0.049674469977617264,0.043933697044849396
0.0346049889922142,0.027463512495160103
0.043580561876297,0.023975590243935585
0.014793876558542252,0.024626104161143303
0.034726787358522415,0.024489371106028557
0.031112009659409523,0.027344072237610817
0.016454290598630905,0.03539116308093071
0.02687486633658409,0.04331168532371521
0.013650160282850266,0.05013288930058479
0.01635626144707203,0.049517303705215454
0.009295886382460594,0.04355612397193909
0.015524433925747871,0.03492392972111702
0.01525789313018322,0.025921771302819252
0.012107836082577705,0.02136639691889286
0.00842207856476307,0.020194781944155693
0.008738553151488304,0.020352870225906372
0.011357172392308712,0.021045897156000137
0.008890988305211067,0.021590042859315872
0.008762766607105732,0.021520504727959633
0.006566025782376528,0.021088579669594765
0.007439924404025078,0.020962659269571304
0.00882071815431118,0.02080492675304413
0.007479648571461439,0.020784178748726845
0.0068045249208807945,0.02137596346437931
0.005270660854876041,0.022869041189551353
0.006595270242542028,0.024997925385832787
0.00891820527613163,0.02701677940785885
0.009031146764755249,0.02816859818994999
0.007303765043616295,0.029659215360879898
0.006151953246444464,0.03199896216392517
0.005220126360654831,0.03453311324119568
0.006544946692883968,0.03794526681303978
0.004895796999335289,0.041594624519348145
0.005693527869880199,0.044751983135938644
0.005531642120331526,0.04783746227622032
0.00460622925311327,0.05097067728638649
0.005419683177024126,0.05364581570029259
0.0056758602149784565,0.05629816651344299
0.007905090227723122,0.05867995694279671
0.0058247544802725315,0.061295900493860245
