loss,val_loss
0.11365410685539246,0.0726393610239029
0.0857095941901207,0.08273106813430786
0.05847170948982239,0.0965566411614418
0.041149239987134933,0.12199165672063828
0.03047487512230873,0.12977829575538635
0.021618729457259178,0.1233106255531311
0.022447362542152405,0.1167219951748848
0.014732198789715767,0.1105710119009018
0.020766617730259895,0.10582611709833145
0.015760162845253944,0.10815098136663437
0.019846821203827858,0.11087024956941605
0.015433401800692081,0.10693228989839554
0.01771366409957409,0.10573038458824158
0.011857319623231888,0.10334313660860062
0.016862811520695686,0.09567724913358688
0.015661165118217468,0.08753956109285355
0.011159032583236694,0.08328201621770859
0.016172023490071297,0.09050780534744263
0.01510812807828188,0.09206299483776093
0.01135194394737482,0.08547156304121017
0.009934145957231522,0.07895633578300476
0.013377211056649685,0.07440588623285294
0.01170192938297987,0.07813920080661774
0.011989271268248558,0.08849995583295822
0.012363974004983902,0.08989953249692917
0.012247688136994839,0.08406533300876617
