loss,val_loss
0.13331544399261475,0.08432590216398239
0.04464446380734444,0.08459446579217911
0.026883820071816444,0.08634988963603973
0.06896670907735825,0.10184135288000107
0.03518626466393471,0.1531488001346588
0.03905278816819191,0.1684459149837494
0.02285059541463852,0.15081775188446045
0.03944563865661621,0.13019847869873047
0.021739590913057327,0.11787383258342743
0.01572328805923462,0.09694831073284149
0.024995749816298485,0.07286431640386581
0.018296007066965103,0.0548502579331398
0.01465012039989233,0.046221740543842316
0.01271048467606306,0.04247059300541878
0.02424677461385727,0.03360377252101898
0.014471425674855709,0.025924086570739746
0.013545294292271137,0.024578383192420006
0.012242654338479042,0.024991920217871666
0.01349475048482418,0.02877654694020748
0.0107377078384161,0.031965434551239014
0.010413429699838161,0.03580865263938904
0.012391416355967522,0.03417963162064552
0.009222110733389854,0.03131331875920296
0.009533993899822235,0.028026530519127846
0.008080372586846352,0.02611538954079151
0.007384106982499361,0.0248497873544693
0.008322450332343578,0.023572033271193504
0.007223752327263355,0.02287192828953266
0.00932656042277813,0.021771255880594254
0.007977239787578583,0.022277355194091797
0.012032216414809227,0.02200322039425373
0.009173127822577953,0.023503312841057777
0.006011102814227343,0.025760462507605553
0.006081701256334782,0.028578350320458412
0.0051688579842448235,0.03210185095667839
0.005942458752542734,0.035643793642520905
0.006306587718427181,0.03861861675977707
0.007381536532193422,0.04101283475756645
0.006833325605839491,0.042548149824142456
0.006408411078155041,0.043450623750686646
0.0056812940165400505,0.04328295215964317
0.003796420292928815,0.04370879381895065
0.006079839542508125,0.04340458661317825
0.006731224246323109,0.043966591358184814
0.006710178218781948,0.045649439096450806
0.005784280132502317,0.047231145203113556
0.006194323766976595,0.04868847504258156
0.006568531040102243,0.050263576209545135
0.00542036909610033,0.05188785120844841
0.00604608841240406,0.053927939385175705
0.005416135769337416,0.055445797741413116
0.007031498942524195,0.057130370289087296
0.005161006469279528,0.05936749652028084
0.0036263142246752977,0.061509814113378525
