loss,val_loss
0.09187895059585571,0.05578535050153732
0.054682448506355286,0.03199838474392891
0.06711990386247635,0.026655754074454308
0.04420877993106842,0.02948996238410473
0.03741771727800369,0.031280141323804855
0.03280426189303398,0.034514546394348145
0.01976938731968403,0.03906158730387688
0.026239406317472458,0.042694296687841415
0.019892727956175804,0.043237559497356415
0.014539489522576332,0.03947954252362251
0.012899287976324558,0.03698047250509262
0.02656124345958233,0.04011774808168411
0.012804301455616951,0.04631390795111656
0.010398311540484428,0.051251135766506195
0.014290761202573776,0.05269869044423103
0.013524973765015602,0.053946059197187424
0.010656630620360374,0.05185938626527786
0.013612929731607437,0.04913366958498955
0.009266583248972893,0.04491771012544632
0.0083049600943923,0.04153301939368248
0.006933251861482859,0.039529379457235336
0.010289901867508888,0.03995586186647415
0.008571896702051163,0.042441584169864655
0.00695266667753458,0.044133156538009644
0.009654410183429718,0.04620305076241493
0.00675412081182003,0.04819400981068611
0.005971168167889118,0.04964962601661682
0.0065648858435451984,0.05154111981391907
