loss,val_loss
0.09286228567361832,0.07911162078380585
0.03925357013940811,0.06371244043111801
0.03050759620964527,0.06141119822859764
0.07796838134527206,0.046300482004880905
0.01796579919755459,0.036636658012866974
0.03692442551255226,0.038917701691389084
0.022421158850193024,0.038389939814805984
0.018036464229226112,0.03706613928079605
0.0309935063123703,0.036078181117773056
0.025783933699131012,0.04356766864657402
0.011321456171572208,0.05204131454229355
0.013994600623846054,0.056634146720170975
0.011787956580519676,0.05994345620274544
0.011242401786148548,0.059991415590047836
0.0100318668410182,0.05899220332503319
0.015049534849822521,0.0592900812625885
0.012988504022359848,0.05975180119276047
0.015142620541155338,0.06282127648591995
0.0092280562967062,0.06540124863386154
0.0081673888489604,0.0675334706902504
0.009505482390522957,0.06948269158601761
0.009410131722688675,0.06972454488277435
0.0061037312261760235,0.06997668743133545
0.006480667274445295,0.07135498523712158
0.0066105374135077,0.07232075184583664
0.006088894326239824,0.0721990242600441
0.007459515705704689,0.07217942178249359
0.004330866504460573,0.07107124477624893
0.005958746187388897,0.07042569667100906
0.006312201730906963,0.07054895162582397
0.004108717665076256,0.06954800337553024
0.008285406976938248,0.0675290897488594
0.007896378636360168,0.06509146094322205
0.005263942293822765,0.06366880983114243
