loss,val_loss
0.1172122210264206,0.08299995213747025
0.04869847372174263,0.08204998821020126
0.05421635881066322,0.10939855128526688
0.04679062217473984,0.10873616486787796
0.051360663026571274,0.070063017308712
0.03217388316988945,0.04099177569150925
0.0193637628108263,0.03010292910039425
0.021088775247335434,0.02672596648335457
0.02415117435157299,0.023892417550086975
0.013220258988440037,0.02353598363697529
0.020319627597928047,0.023528922349214554
0.0158978383988142,0.025188585743308067
0.02126365154981613,0.028983622789382935
0.01275244727730751,0.03568042814731598
0.017144259065389633,0.036432888358831406
0.015014528296887875,0.03532794117927551
0.013516576029360294,0.03310472518205643
0.01008842047303915,0.03037089668214321
0.016137350350618362,0.025742057710886
0.013368526473641396,0.023236116394400597
0.01160892192274332,0.022776631638407707
0.011376699432730675,0.023567523807287216
0.011398682370781898,0.025419294834136963
0.008852577768266201,0.027466226369142532
0.00982160959392786,0.029904592782258987
0.009275414980947971,0.03261636942625046
0.0127763282507658,0.034041501581668854
0.005695113446563482,0.03545595705509186
0.005589636042714119,0.036778125911951065
0.009286330081522465,0.03768020123243332
0.008613898418843746,0.03900832310318947
0.005626291502267122,0.04070264846086502
0.008155801333487034,0.04180772975087166
0.0052229962311685085,0.04272912070155144
0.008856442756950855,0.04252270236611366
0.007372355554252863,0.03995523974299431
0.007184424437582493,0.03725108504295349
0.006803344469517469,0.03494373336434364
0.007945054210722446,0.03369392454624176
0.00602429173886776,0.03291270136833191
0.00826568529009819,0.03241018205881119
0.006948981899768114,0.03252903372049332
0.00541017297655344,0.033378805965185165
0.005792888812720776,0.0340396985411644
0.00676216185092926,0.034578341990709305
0.006369656417518854,0.03467806056141853
