loss,val_loss
0.10971755534410477,0.05814666301012039
0.05621742829680443,0.1029026135802269
0.05173249915242195,0.1326148957014084
0.03474969044327736,0.13800719380378723
0.03175370395183563,0.14005312323570251
0.030784979462623596,0.13713102042675018
0.028647856786847115,0.1344301402568817
0.021801359951496124,0.1286401003599167
0.02158164046704769,0.12064095586538315
0.02252172864973545,0.10767269134521484
0.014285185374319553,0.08860883116722107
0.019857384264469147,0.07522255927324295
0.015023795887827873,0.07478708028793335
0.01735241897404194,0.0691230446100235
0.017659902572631836,0.06620167940855026
0.016831332817673683,0.0682448297739029
0.014795628376305103,0.07423665374517441
0.01609061099588871,0.0747177004814148
0.013964426703751087,0.07427799701690674
0.01295378990471363,0.0727984756231308
0.012663808651268482,0.07139166444540024
0.013755258172750473,0.07392875850200653
0.012960721738636494,0.07579480856657028
0.013636264018714428,0.07596827298402786
0.010838664136826992,0.07316268980503082
0.013198800384998322,0.07275689393281937
