loss,val_loss
0.07745273411273956,0.05121726915240288
0.09780487418174744,0.0792861133813858
0.04540148004889488,0.1050318256020546
0.03921673819422722,0.11118775606155396
0.029049525037407875,0.10866236686706543
0.02590172179043293,0.10393311828374863
0.020039360970258713,0.09571248292922974
0.020252380520105362,0.08056287467479706
0.016409918665885925,0.06837336719036102
0.016377773135900497,0.06439068913459778
0.014752400107681751,0.0680946409702301
0.01760593056678772,0.06940849870443344
0.014156042598187923,0.06510654836893082
0.016180546954274178,0.06516711413860321
0.01323250774294138,0.06995630264282227
0.01231770683079958,0.07664349675178528
0.013728856109082699,0.08199051022529602
0.011218617670238018,0.08297768235206604
0.010994486510753632,0.07989088445901871
0.012290152721107006,0.07627476751804352
0.010574688203632832,0.07582516223192215
0.011739782989025116,0.07937052100896835
0.011430743150413036,0.07924047112464905
0.010706551373004913,0.07924376428127289
0.008876287378370762,0.08006460964679718
0.010539756156504154,0.08057253807783127
