loss,val_loss
0.10268286615610123,0.06066947057843208
0.06437777727842331,0.07914155721664429
0.03528532013297081,0.07702977955341339
0.03395450860261917,0.08170607686042786
0.022926729172468185,0.07018765807151794
0.02623586356639862,0.0819879025220871
0.022686289623379707,0.09145989269018173
0.02146412618458271,0.06892182677984238
0.017986612394452095,0.060300908982753754
0.017900103703141212,0.07601581513881683
0.02214665152132511,0.07905672490596771
0.01837153173983097,0.06795273721218109
0.014032188802957535,0.05642583221197128
0.016731934621930122,0.058181069791316986
0.014894404448568821,0.06430148333311081
0.012577717192471027,0.07133854180574417
0.013422663323581219,0.07052315771579742
0.01405471470206976,0.06943080574274063
0.010404226370155811,0.07172703742980957
0.010583520866930485,0.07069120556116104
0.012111680582165718,0.06951450556516647
0.014455003663897514,0.07185827195644379
0.012384637258946896,0.07377754151821136
0.014838524162769318,0.07151438295841217
0.01108279824256897,0.0706874430179596
0.010213739238679409,0.07756434381008148
0.013647050596773624,0.08043141663074493
0.01129863690584898,0.07928931713104248
0.012393709272146225,0.07753574848175049
0.011272038333117962,0.07699470221996307
0.011177017353475094,0.07940593361854553
0.011048019863665104,0.07926627993583679
0.009663817472755909,0.07560457289218903
0.008391204290091991,0.07318431884050369
0.011764048598706722,0.07095451653003693
0.009364957921206951,0.06976531445980072
0.010312004946172237,0.07300686836242676
0.008406388573348522,0.07380127906799316
