loss,val_loss
0.09446322172880173,0.0477571114897728
0.08913777023553848,0.10489323735237122
0.04889001324772835,0.1410646140575409
0.025804897770285606,0.13722142577171326
0.02777499333024025,0.11896456778049469
0.02795299142599106,0.12996940314769745
0.022980710491538048,0.12218007445335388
0.02533603273332119,0.10185109823942184
0.01953575573861599,0.07631289213895798
0.01856227032840252,0.07292457669973373
0.01509933453053236,0.08491838723421097
0.015769293531775475,0.09391448646783829
0.01389311719685793,0.09976134449243546
0.016663428395986557,0.0940292626619339
0.011668185703456402,0.08556240051984787
0.012410750612616539,0.07924403995275497
0.012474559247493744,0.08046718686819077
0.015213609673082829,0.0835656002163887
0.012721499428153038,0.08451791107654572
0.01204128097742796,0.08578450977802277
0.01211480237543583,0.08400184661149979
0.012256200425326824,0.07824832946062088
0.012332005426287651,0.07574164867401123
0.010335220023989677,0.07752645760774612
0.009922003373503685,0.07780931144952774
0.011294561438262463,0.07658077776432037
