loss,val_loss
0.10673204064369202,0.05177461728453636
0.06384154409170151,0.11031623929738998
0.05678894743323326,0.12059888988733292
0.04704364389181137,0.1350073665380478
0.02905854769051075,0.14543268084526062
0.0341278612613678,0.1465606987476349
0.025513218715786934,0.14852358400821686
0.020453622564673424,0.14634031057357788
0.019876062870025635,0.1382385492324829
0.018907835707068443,0.12935033440589905
0.01758328452706337,0.12275100499391556
0.013630254194140434,0.11267904192209244
0.01766008511185646,0.08993503451347351
0.013712235726416111,0.06534886360168457
0.01740441843867302,0.07594485580921173
0.014201292768120766,0.09949902445077896
0.013490432873368263,0.10649967193603516
0.012102861888706684,0.10394254326820374
0.012398037128150463,0.09899475425481796
0.010755081661045551,0.09664430469274521
0.009761209599673748,0.09345030039548874
0.011981278657913208,0.09617452323436737
0.01218427624553442,0.09810588508844376
0.00843544490635395,0.0968456044793129
0.010381203144788742,0.09917382895946503
0.011107967235147953,0.09829823672771454
