loss,val_loss
0.11892921477556229,0.06981409341096878
0.04633495956659317,0.029193690046668053
0.051627662032842636,0.034211717545986176
0.046384431421756744,0.0335690937936306
0.027172332629561424,0.029146729037165642
0.017717838287353516,0.02628408372402191
0.020112399011850357,0.025748323649168015
0.028368819504976273,0.033018793910741806
0.020040446892380714,0.04033853858709335
0.018511177971959114,0.044894251972436905
0.02318545989692211,0.04316500201821327
0.013449365273118019,0.03697587922215462
0.020395364612340927,0.0306293573230505
0.01772305928170681,0.02504158951342106
0.010086797177791595,0.021846424788236618
0.012514078058302402,0.02032514289021492
0.013223010115325451,0.02020995505154133
0.01434246078133583,0.02057184837758541
0.010961104184389114,0.022099563851952553
0.015272384509444237,0.024167248979210854
0.013892279006540775,0.025356115773320198
0.01049809530377388,0.02651268057525158
0.010544316843152046,0.02697937749326229
0.012974156066775322,0.026726359501481056
0.008277354761958122,0.02591821178793907
0.012655169703066349,0.02550819143652916
0.007264826446771622,0.024684319272637367
0.0070456210523843765,0.024839812889695168
0.007346603088080883,0.025940990075469017
0.006057274527847767,0.02758321538567543
0.00778445927426219,0.028434524312615395
0.00600001635029912,0.028809240087866783
0.006850016303360462,0.02896345965564251
0.007839872501790524,0.028700033202767372
0.005528782960027456,0.029232874512672424
0.005944065283983946,0.030281199142336845
0.007238325662910938,0.03134940564632416
0.005875708069652319,0.032666679471731186
0.009044056758284569,0.03338075056672096
0.0062627107836306095,0.03475325182080269
0.0052221911028027534,0.03656483069062233
0.004439494106918573,0.03899625688791275
