loss,val_loss
0.13233652710914612,0.06247501075267792
0.08410463482141495,0.08792667090892792
0.0356174074113369,0.10654444992542267
0.04562649875879288,0.1357487142086029
0.03762498497962952,0.15071216225624084
0.02380269393324852,0.14430022239685059
0.02744784764945507,0.1271055042743683
0.025422805920243263,0.10535779595375061
0.024486007168889046,0.093673475086689
0.021641092374920845,0.08196093887090683
0.018027909100055695,0.07151029258966446
0.025204438716173172,0.06308139860630035
0.018127543851733208,0.060510680079460144
0.015721334144473076,0.06657400727272034
0.019099775701761246,0.06298336386680603
0.01945662684738636,0.054251790046691895
0.013499134220182896,0.053857531398534775
0.01274120807647705,0.062286943197250366
0.012318788096308708,0.072843998670578
0.012516846880316734,0.0714765265583992
0.010075581260025501,0.06599435955286026
0.016840500757098198,0.06957985460758209
0.014031077735126019,0.07197513431310654
0.013948775827884674,0.07135045528411865
0.011920148506760597,0.07311689853668213
0.014506851322948933,0.07611653208732605
0.010233032517135143,0.073389932513237
0.011706593446433544,0.06918730586767197
0.010477984324097633,0.07060342282056808
0.009391620755195618,0.07486894726753235
0.01059065293520689,0.07428953796625137
0.011471281759440899,0.07192985713481903
0.010907483287155628,0.06686100363731384
0.009625733830034733,0.06661085784435272
0.012259844690561295,0.07180316746234894
0.012058918364346027,0.07552303373813629
0.01021172571927309,0.07548000663518906
0.012910393998026848,0.07222029566764832
0.010556853376328945,0.06932806968688965
0.010770010761916637,0.06973676383495331
0.00978038739413023,0.0737815797328949
0.008531074970960617,0.07951080799102783
