loss,val_loss
0.1277717500925064,0.051603738218545914
0.0639474168419838,0.06478753685951233
0.04477860406041145,0.07774616032838821
0.031977515667676926,0.11896499991416931
0.028125498443841934,0.12972582876682281
0.024487385526299477,0.1261305809020996
0.02060110680758953,0.12235035747289658
0.02112850546836853,0.12714609503746033
0.018880045041441917,0.12751919031143188
0.01889270730316639,0.116570845246315
0.014946737326681614,0.10101678222417831
0.015750406309962273,0.08300061523914337
0.016578899696469307,0.07047832012176514
0.016258029267191887,0.06738440692424774
0.016331110149621964,0.08090570569038391
0.012114401906728745,0.0910089910030365
0.015322813764214516,0.09074079245328903
0.011519651859998703,0.08005553483963013
0.010693774558603764,0.06952006369829178
0.013964440673589706,0.06736425310373306
0.012467135675251484,0.07237733155488968
0.01238194014877081,0.07543785125017166
0.011633982881903648,0.07843631505966187
0.013294326141476631,0.0790058970451355
0.009949741885066032,0.0780494213104248
0.010390019975602627,0.07761383056640625
