,Run,MSE_Train,R2_Train,SMAPE_Train,MSE_Test,R2_Test,SMAPE_Test
min,1.0,0.006991181096078433,0.03703637810302163,23.18595314187146,0.01571457789122845,0.18097289752932721,43.34145348588096
max,10.0,0.06099317838335909,0.8896228521277693,47.36390353003163,0.04189527372143296,0.6927895666136177,60.589047785206716
mean,5.5,0.020947958073707584,0.6692724971435967,31.14643875066586,0.024088053618618762,0.5290932125042398,53.0909727298681
