,Run,MSE_Train,R2_Train,SMAPE_Train,MSE_Test,R2_Test,SMAPE_Test
min,1.0,0.01976300155459649,-0.4532275935717214,24.19044366337717,0.046596376479938265,-0.33620541501713785,36.333094214504285
max,10.0,0.06911958666472476,0.5844862422246255,51.74582852028475,0.0714852604908356,0.12901862362727579,57.769746861840744
mean,5.5,0.038552294632542734,0.18944454012323247,32.76177018683145,0.055395184161259284,-0.03544904969095695,41.84451063692676
