,Run,MSE_Train,R2_Train,SMAPE_Train,MSE_Test,R2_Test,SMAPE_Test
min,1.0,0.004536813146470105,0.8690808247029176,17.89849449982469,0.006081117895455367,0.827141731411111,17.03021321337151
max,10.0,0.006172053730025716,0.9037669045680272,22.70365298534106,0.009966406976823206,0.894528538425351,21.942194292927024
mean,5.5,0.005402598483011764,0.8854022066567101,20.54541174058305,0.007895503062341555,0.8630596771566253,19.369768137060575
