loss,val_loss
0.2453283667564392,0.24540682137012482
0.23497457802295685,0.24529695510864258
0.22671478986740112,0.2451847791671753
0.22270825505256653,0.24518610537052155
0.22834771871566772,0.24509409070014954
0.21721243858337402,0.24504944682121277
0.20974990725517273,0.2451094090938568
0.20231837034225464,0.24519655108451843
0.18432731926441193,0.24528494477272034
0.1938193440437317,0.24543389678001404
0.1975715160369873,0.2454880028963089
0.18911853432655334,0.24562786519527435
0.1989244669675827,0.24560829997062683
0.18362519145011902,0.24557070434093475
0.18262897431850433,0.24562636017799377
0.19026795029640198,0.24562524259090424
0.19688671827316284,0.2455454021692276
0.1985587328672409,0.24534010887145996
0.1928645521402359,0.24520191550254822
0.18753132224082947,0.24501995742321014
0.2041788250207901,0.24482084810733795
0.17244641482830048,0.2446826547384262
0.17124202847480774,0.24460138380527496
0.1825573891401291,0.24451252818107605
0.18852314352989197,0.24440200626850128
0.18014973402023315,0.2442835569381714
0.17443618178367615,0.244230255484581
0.18037989735603333,0.24420639872550964
0.18359337747097015,0.24422571063041687
0.1685463935136795,0.24425925314426422
0.1696317344903946,0.2443249672651291
0.18385781347751617,0.24440564215183258
0.17937131226062775,0.24446912109851837
0.17385712265968323,0.24454481899738312
0.17431405186653137,0.24453894793987274
0.1654171347618103,0.24450275301933289
0.18157222867012024,0.24458427727222443
0.16045448184013367,0.2446567267179489
0.16813841462135315,0.24469318985939026
0.1814882755279541,0.24476416409015656
0.18587367236614227,0.24481801688671112
0.1788550466299057,0.24484065175056458
0.17919547855854034,0.2448517084121704
0.19236302375793457,0.24484750628471375
0.17261375486850739,0.2449512779712677
0.17524465918540955,0.24502405524253845
0.16934217512607574,0.24504248797893524
0.1704360693693161,0.24507193267345428
0.16682486236095428,0.24504168331623077
0.16369746625423431,0.24501441419124603
0.16700229048728943,0.24496176838874817
0.16072185337543488,0.2449667751789093
0.16572774946689606,0.24494652450084686
