loss,val_loss
0.26808059215545654,0.2527347207069397
0.25393593311309814,0.25253280997276306
0.2574566900730133,0.25238192081451416
0.23018604516983032,0.2522926926612854
0.22739697992801666,0.252066969871521
0.21670563519001007,0.25177282094955444
0.20607534050941467,0.2514868378639221
0.22274941205978394,0.2510654926300049
0.1999998390674591,0.25057321786880493
0.21521955728530884,0.2501431107521057
0.19983531534671783,0.24971053004264832
0.1966799795627594,0.24935872852802277
0.19398538768291473,0.24883130192756653
0.2046097069978714,0.2483115941286087
0.1922408789396286,0.24791088700294495
0.187688410282135,0.24755892157554626
0.1867123544216156,0.24741002917289734
0.17050695419311523,0.247207373380661
0.17899101972579956,0.2468552589416504
0.1798095703125,0.2464238554239273
0.1769913136959076,0.24596942961215973
0.18133363127708435,0.24575860798358917
0.16876204311847687,0.24570214748382568
0.18367263674736023,0.24555420875549316
0.18175527453422546,0.24548014998435974
0.19198955595493317,0.245482936501503
0.19319157302379608,0.24546708166599274
0.18471555411815643,0.24540458619594574
0.17974375188350677,0.24539677798748016
0.1797855794429779,0.2453909069299698
0.17504864931106567,0.2455250471830368
0.16871275007724762,0.2456115335226059
0.17907549440860748,0.24572721123695374
0.1677318662405014,0.24580347537994385
0.17654544115066528,0.24590185284614563
0.16434377431869507,0.24608729779720306
0.17362183332443237,0.24621859192848206
0.18719354271888733,0.24634312093257904
0.17415523529052734,0.24651885032653809
0.17046092450618744,0.24660809338092804
0.1778518408536911,0.24675559997558594
0.1687081754207611,0.24686551094055176
0.16921697556972504,0.24692855775356293
0.16660799086093903,0.24693290889263153
0.17829972505569458,0.24676991999149323
0.16781927645206451,0.2466425597667694
0.16799627244472504,0.2465757429599762
0.17756761610507965,0.24653902649879456
0.17481592297554016,0.24661502242088318
0.16935744881629944,0.24668873846530914
0.16679911315441132,0.24669918417930603
0.16611847281455994,0.2467803657054901
0.17316478490829468,0.2468947470188141
0.15450771152973175,0.2469339817762375
0.1663741022348404,0.24700495600700378
