loss,val_loss
0.10788467526435852,0.05329407379031181
0.08717533946037292,0.030489034950733185
0.05241427943110466,0.02669830247759819
0.051701974123716354,0.027436669915914536
0.03876031935214996,0.03876437246799469
0.0444670170545578,0.04011921212077141
0.025864992290735245,0.03258902207016945
0.02039104513823986,0.0294430460780859
0.016142647713422775,0.030711909756064415
0.024925826117396355,0.031109919771552086
0.017137236893177032,0.030887829139828682
0.01850997470319271,0.032499589025974274
0.017419083043932915,0.031265877187252045
0.02268228493630886,0.0249004065990448
0.021227726712822914,0.023063506931066513
0.020554091781377792,0.023415343835949898
0.022886939346790314,0.025178546085953712
0.01757698506116867,0.027767790481448174
0.01778574287891388,0.029803581535816193
0.01941452920436859,0.028698615729808807
0.017872482538223267,0.025503912940621376
0.008278763853013515,0.024606626480817795
0.014734233729541302,0.02508169785141945
0.014781088568270206,0.025218302384018898
0.015392218716442585,0.025480059906840324
0.012327306903898716,0.026883810758590698
0.014057526364922523,0.027900494635105133
0.009608238935470581,0.029612548649311066
0.012663469649851322,0.03115926869213581
0.01159320492297411,0.031885791569948196
0.014158269390463829,0.031928423792123795
0.01485990360379219,0.03124161623418331
0.012730893678963184,0.0300300195813179
0.01067261677235365,0.028426140546798706
0.013344991952180862,0.027311954647302628
0.01166198868304491,0.026604481041431427
0.008783260360360146,0.02608930505812168
0.010953103192150593,0.026009341701865196
0.01263678353279829,0.026177547872066498
0.011169042438268661,0.02668868936598301
