loss,val_loss
0.0930488109588623,0.03933684155344963
0.07102496922016144,0.026815170422196388
0.0376739501953125,0.031144194304943085
0.036918047815561295,0.021230963990092278
0.03454650938510895,0.023127079010009766
0.019515477120876312,0.03334103152155876
0.02712172456085682,0.028288021683692932
0.01926141045987606,0.02129032276570797
0.02073899656534195,0.01844467781484127
0.013747576624155045,0.018534956499934196
0.016529295593500137,0.01708856411278248
0.016217777505517006,0.015958521515130997
0.014638052321970463,0.015261485241353512
0.0147314528003335,0.015510204248130322
0.01355784758925438,0.016633769497275352
0.011825352907180786,0.01900852471590042
0.01419730857014656,0.020912738516926765
0.011697961948812008,0.02128133736550808
0.010411431081593037,0.021270742639899254
0.01371491514146328,0.023144535720348358
0.013145984150469303,0.02605382911860943
0.012592244893312454,0.02722359634935856
0.00945958960801363,0.028681665658950806
0.008998301811516285,0.030362194404006004
0.009404624812304974,0.03164340928196907
0.01120758056640625,0.03142688795924187
0.011528498493134975,0.029401665553450584
0.01322865765541792,0.031485095620155334
0.010484112426638603,0.03431716561317444
0.012584234587848186,0.03705228492617607
0.010239399038255215,0.03685538470745087
0.007681205868721008,0.036776307970285416
0.00847693718969822,0.03803473711013794
0.012666757218539715,0.03982764109969139
0.009130062535405159,0.04338685795664787
0.00935191661119461,0.04278673604130745
0.009576085954904556,0.04157456383109093
0.006390667054802179,0.04293046519160271
