loss,val_loss
0.16058304905891418,0.03273937478661537
0.05519367381930351,0.06007126346230507
0.03765276446938515,0.0830283984541893
0.023803967982530594,0.06267893314361572
0.029550574719905853,0.03628084063529968
0.0319988951086998,0.03696247190237045
0.027973048388957977,0.06266817450523376
0.016492508351802826,0.08730226010084152
0.030514229089021683,0.08263741433620453
0.01846936158835888,0.06583751738071442
0.019212380051612854,0.051941029727458954
0.012927118688821793,0.04100386053323746
0.013619841076433659,0.03537176921963692
0.01407117210328579,0.031145622953772545
0.014481292106211185,0.03642738237977028
0.010385209694504738,0.04724422097206116
0.009972358122467995,0.0603383369743824
0.009228790178894997,0.07076352089643478
0.01066691055893898,0.0762554332613945
0.017325807362794876,0.0676373690366745
0.014160187914967537,0.05546901002526283
0.00873818714171648,0.04642978683114052
0.01010902039706707,0.03539620712399483
0.005465851165354252,0.02818322740495205
0.007916909642517567,0.02095475234091282
0.005474981851875782,0.0171375535428524
0.007394558750092983,0.01432730071246624
0.009014280512928963,0.011608804576098919
0.007357275579124689,0.010033275000751019
0.008081824518740177,0.0098341703414917
0.006785972975194454,0.0098238755017519
0.006873922422528267,0.010486260056495667
0.005596118979156017,0.01121209654957056
0.007990853860974312,0.012111465446650982
0.005800573155283928,0.013372176326811314
0.004724722355604172,0.014434317126870155
0.004787517711520195,0.015511195175349712
0.004848334472626448,0.01646723970770836
0.007550717331469059,0.016982922330498695
0.009625484235584736,0.01705818623304367
0.005236234050244093,0.01740138791501522
0.005121972877532244,0.017972959205508232
0.004540476948022842,0.017828579992055893
0.005301412660628557,0.017474450170993805
0.004217271693050861,0.017089180648326874
0.005406641401350498,0.016611501574516296
0.00582393491640687,0.015376034192740917
0.0055059404112398624,0.014016513712704182
0.0037771642673760653,0.012999375350773335
0.004511469043791294,0.012078681029379368
0.006117934826761484,0.011564033105969429
0.006048280745744705,0.01113633718341589
0.005259353667497635,0.011143209412693977
0.0047222007997334,0.011178232729434967
0.006251706276088953,0.011314128525555134
0.004067014437168837,0.011811050586402416
