loss,val_loss
0.08595871925354004,0.03341912478208542
0.0550244003534317,0.03142194077372551
0.04914272576570511,0.03407740220427513
0.043363768607378006,0.02502494864165783
0.02969825640320778,0.027919724583625793
0.03006385639309883,0.03055412881076336
0.022359170019626617,0.029097406193614006
0.023620709776878357,0.026444585993885994
0.01773115061223507,0.023292487487196922
0.019520608708262444,0.020127292722463608
0.016913702711462975,0.018840879201889038
0.011564090847969055,0.019137592986226082
0.013574880547821522,0.019451245665550232
0.015992673113942146,0.02076100930571556
0.016270674765110016,0.022662095725536346
0.012046951800584793,0.022900328040122986
0.012148601934313774,0.023983575403690338
0.011417676694691181,0.027133658528327942
0.013912588357925415,0.029279856011271477
0.01286984235048294,0.0302599985152483
0.012782292440533638,0.032915763556957245
0.012478162534534931,0.03621340170502663
0.012432567775249481,0.03704322874546051
0.012583867646753788,0.03718380257487297
0.010288853198289871,0.03674499690532684
0.01119787897914648,0.037520527839660645
0.012673296965658665,0.03836888447403908
0.013868329115211964,0.03924736753106117
0.011827395297586918,0.040893226861953735
0.012039407156407833,0.04138224944472313
0.011498318053781986,0.04128635302186012
0.009720716625452042,0.04141555353999138
0.011017804965376854,0.04170363023877144
0.010961542837321758,0.04322195425629616
0.00997370108962059,0.04526695981621742
0.009937283582985401,0.04619972035288811
