loss,val_loss
0.12044596672058105,0.02072332613170147
0.07657952606678009,0.028353646397590637
0.03927035629749298,0.054683346301317215
0.07867572456598282,0.03234958276152611
0.02939167432487011,0.019007733091711998
0.04544034227728844,0.01666310243308544
0.04134158045053482,0.02869853749871254
0.019275471568107605,0.05233919620513916
0.025540025904774666,0.0689028725028038
0.03495214879512787,0.054592449218034744
0.022852562367916107,0.03105774335563183
0.022883551195263863,0.010138957761228085
0.014651080593466759,0.006149820983409882
0.01136315893381834,0.009891503490507603
0.013809876516461372,0.013367005623877048
0.01543938834220171,0.013675668276846409
0.021506544202566147,0.012043659575283527
0.013481292873620987,0.00974209699779749
0.012655636295676231,0.007815000601112843
0.008117308840155602,0.007521423045545816
0.009672975167632103,0.008944028988480568
0.009577808901667595,0.011599994264543056
0.010116184130311012,0.013875429518520832
0.011513658799231052,0.015195171348750591
0.010391957126557827,0.015353511087596416
0.00890388898551464,0.015442384406924248
0.009648747742176056,0.015453631989657879
0.00912498403340578,0.015605144202709198
0.008688796311616898,0.015609564259648323
0.0073501672595739365,0.015995647758245468
0.006733200512826443,0.015667980536818504
0.005974379368126392,0.01532776653766632
0.006725129205733538,0.01554774772375822
0.006182563025504351,0.015492822043597698
0.006343067158013582,0.015740400180220604
0.005436671897768974,0.01618097350001335
0.011523581109941006,0.01633288711309433
0.006895737256854773,0.016771549358963966
