loss,val_loss
0.11891411244869232,0.04802801087498665
0.08630665391683578,0.03319553658366203
0.04730276018381119,0.03030167706310749
0.0456845685839653,0.039383307099342346
0.03453840687870979,0.033355046063661575
0.02417837083339691,0.022073231637477875
0.020357565954327583,0.020258912816643715
0.019754741340875626,0.022011125460267067
0.02119392901659012,0.021628553047776222
0.01503326091915369,0.01890091970562935
0.018889959901571274,0.018394606187939644
0.015345393680036068,0.017496462911367416
0.01605384796857834,0.020490221679210663
0.014248473569750786,0.024170830845832825
0.01516840048134327,0.027493221685290337
0.01741947792470455,0.03008304536342621
0.01242844108492136,0.03110751323401928
0.014721370302140713,0.03143845871090889
0.01536664366722107,0.03171175345778465
0.01287414226680994,0.031590089201927185
0.010946372523903847,0.03217903524637222
0.014049832709133625,0.033125557005405426
0.013306043110787868,0.034493349492549896
0.014087039977312088,0.03570376709103584
0.014135431498289108,0.035108428448438644
0.011946597136557102,0.035870619118213654
0.010884100571274757,0.03864111006259918
0.009854989126324654,0.04140686243772507
0.013340392149984837,0.04198208451271057
0.011307040229439735,0.04053579643368721
0.01147837471216917,0.03815802186727524
0.010690251365303993,0.037801552563905716
0.01153743639588356,0.0398656502366066
0.008543645963072777,0.042185813188552856
0.010912833735346794,0.04370468854904175
0.010295716114342213,0.04495008662343025
0.009228751994669437,0.045350927859544754
