loss,val_loss
0.11274433135986328,0.06291282922029495
0.0743747279047966,0.021645566448569298
0.04103180766105652,0.03506147116422653
0.03834760561585426,0.03356567397713661
0.040403906255960464,0.03586070239543915
0.03506898880004883,0.03037027269601822
0.020536616444587708,0.025550806894898415
0.02169731818139553,0.020771192386746407
0.02344447188079357,0.018938813358545303
0.023805320262908936,0.019293764606118202
0.018852900713682175,0.02056005597114563
0.022410646080970764,0.02318579889833927
0.014436231926083565,0.025268888100981712
0.01948176883161068,0.025124629959464073
0.014996947720646858,0.02403968572616577
0.01472676731646061,0.026067307218909264
0.013082986697554588,0.03200293704867363
0.016596196219325066,0.033631641417741776
0.012614862062036991,0.033085793256759644
0.015509946271777153,0.03426311910152435
0.01490022987127304,0.03737998008728027
0.013011245056986809,0.04041909798979759
0.013781656511127949,0.040946703404188156
0.012872171588242054,0.040093228220939636
0.012755903415381908,0.0402166023850441
0.014598305337131023,0.040762629359960556
0.00958920270204544,0.043093517422676086
0.012961450964212418,0.04478966072201729
0.01199127547442913,0.04702858254313469
0.01205067802220583,0.04917553439736366
0.0108462143689394,0.050715576857328415
0.010636797174811363,0.05101539567112923
0.011559788137674332,0.05026082694530487
0.01065894030034542,0.04878300428390503
