loss,val_loss
0.05838027223944664,0.034682124853134155
0.0890183225274086,0.08497145026922226
0.07297775894403458,0.11195336282253265
0.07610445469617844,0.08635751157999039
0.033963702619075775,0.06748270243406296
0.031032534316182137,0.08619341999292374
0.025607340037822723,0.09152726829051971
0.013465160503983498,0.08665771782398224
0.023555126041173935,0.0887662023305893
0.014193876646459103,0.08673170953989029
0.011595976538956165,0.07933393865823746
0.01177285797894001,0.07812367379665375
0.018360238522291183,0.06685742735862732
0.007969633676111698,0.060093194246292114
0.010387534275650978,0.05975941941142082
0.008238215930759907,0.0699973925948143
0.012530198320746422,0.07622510939836502
0.007419613189995289,0.08090289682149887
0.008382250554859638,0.09097553789615631
0.008677894249558449,0.09504024684429169
0.008989611640572548,0.09031406790018082
0.009108604863286018,0.08144980669021606
0.006784673780202866,0.07046747207641602
0.004887173417955637,0.06535035371780396
0.00479509774595499,0.05923614650964737
0.008525948971509933,0.0514867790043354
