loss,val_loss
0.08423764258623123,0.06647159904241562
0.10229884088039398,0.04148361459374428
0.04710821062326431,0.036079224199056625
0.03216614946722984,0.033593930304050446
0.03473900258541107,0.0432172454893589
0.026643123477697372,0.045317117124795914
0.023882253095507622,0.03667463734745979
0.02560490556061268,0.034460801631212234
0.019484974443912506,0.038074567914009094
0.018306640908122063,0.03276120871305466
0.016338462010025978,0.025738107040524483
0.015653684735298157,0.02389051951467991
0.016964204609394073,0.027930399402976036
0.016762953251600266,0.028930045664310455
0.014898122288286686,0.03162720799446106
0.015391002409160137,0.033927563577890396
0.0153663856908679,0.03362887725234032
0.01334313489496708,0.03334013372659683
0.01185043528676033,0.033061783760786057
0.014596720226109028,0.03331413120031357
0.014928183518350124,0.03378904610872269
0.012107037007808685,0.03425820171833038
0.013082819059491158,0.03497141972184181
0.011626172810792923,0.035116661339998245
0.016770819202065468,0.03480980545282364
0.011180764995515347,0.03449541702866554
0.010894940234720707,0.03466407582163811
0.010481360368430614,0.03550294414162636
0.009031937457621098,0.034949563443660736
0.009565531276166439,0.03432098776102066
0.010817809030413628,0.03434956446290016
0.010048515163362026,0.035389579832553864
0.010794458910822868,0.03654349222779274
0.01020959485322237,0.037411756813526154
0.009717288427054882,0.037562839686870575
0.0097121587023139,0.036385636776685715
0.0106115797534585,0.036054063588380814
