loss,val_loss
0.0856512114405632,0.03680173680186272
0.0742369219660759,0.026492586359381676
0.03802724927663803,0.025310928001999855
0.03434060886502266,0.03103526122868061
0.025503557175397873,0.03145119547843933
0.024602314457297325,0.025405490770936012
0.017640652135014534,0.02262784354388714
0.022148700430989265,0.019529011100530624
0.018287207931280136,0.017545897513628006
0.016785822808742523,0.015500775538384914
0.016891272738575935,0.016309790313243866
0.01388090755790472,0.016957063227891922
0.01945061795413494,0.016101645305752754
0.014692786149680614,0.018337178975343704
0.012213568203151226,0.02189241349697113
0.011066442355513573,0.024546347558498383
0.013401191681623459,0.02694796770811081
0.012441362254321575,0.02890494465827942
0.010786276310682297,0.029651140794157982
0.012142052873969078,0.028139328584074974
0.01113064307719469,0.02856677956879139
0.015428521670401096,0.030039271339774132
0.014262060634791851,0.03126872330904007
0.0121588921174407,0.03206411749124527
0.013012026436626911,0.03268595412373543
0.011500971391797066,0.033515989780426025
0.012209364213049412,0.033015359193086624
0.008473771624267101,0.032809603959321976
0.010019274428486824,0.033900611102581024
0.010538936592638493,0.03493157774209976
0.012191511690616608,0.03534425050020218
0.011171871796250343,0.03554023057222366
0.011623881757259369,0.03494039177894592
0.009235134348273277,0.0346197672188282
0.009358322247862816,0.03533034399151802
