loss,val_loss
0.12571144104003906,0.04211937636137009
0.039455901831388474,0.05537255480885506
0.024112951010465622,0.041160859167575836
0.021204527467489243,0.020114630460739136
0.05260400101542473,0.017908381298184395
0.03903556242585182,0.022995559498667717
0.027380749583244324,0.017614584416151047
0.019607115536928177,0.01137340534478426
0.010014996863901615,0.008131152018904686
0.01587294600903988,0.005522746127098799
0.014095856808125973,0.0053939721547067165
0.0163898766040802,0.006433462258428335
0.015074996277689934,0.007512097246944904
0.010295160114765167,0.007806621491909027
0.01239654142409563,0.008841603063046932
0.01636318676173687,0.009168277494609356
0.016330532729625702,0.009940127842128277
0.009542376734316349,0.010525993071496487
0.010070983320474625,0.010882323607802391
0.011678585782647133,0.01112182717770338
0.010195351205766201,0.01197369210422039
0.008311164565384388,0.012171461246907711
0.007268806919455528,0.0122459651902318
0.01176439318805933,0.011502554640173912
0.006558325607329607,0.010378750041127205
0.007587087340652943,0.009726176969707012
0.006383386440575123,0.008965953253209591
0.006576666608452797,0.008284728042781353
0.00804897677153349,0.008226221427321434
0.0050580198876559734,0.008587665855884552
0.0056274402886629105,0.009042211808264256
0.00560519564896822,0.009789637289941311
0.006221812218427658,0.01096800621598959
0.007218221668154001,0.012223253957927227
0.004614181350916624,0.013965417630970478
0.004440734162926674,0.015669923275709152
