loss,val_loss
0.09368254989385605,0.05866388604044914
0.08690895140171051,0.02761751599609852
0.04241976514458656,0.026544781401753426
0.03144729882478714,0.030308179557323456
0.025228146463632584,0.027166856452822685
0.023242687806487083,0.025940319523215294
0.020760510116815567,0.02489396184682846
0.01655101776123047,0.022410521283745766
0.01908734068274498,0.020546039566397667
0.016584474593400955,0.01884637586772442
0.017509549856185913,0.018696222454309464
0.01813809759914875,0.01831170544028282
0.015766343101859093,0.0184748787432909
0.014984458684921265,0.021299324929714203
0.013569541275501251,0.021636689081788063
0.015183174051344395,0.021497173234820366
0.01700604148209095,0.02344578318297863
0.01183943822979927,0.02480444312095642
0.012859940528869629,0.026319952681660652
0.015995081514120102,0.028375623747706413
0.014657619409263134,0.030683094635605812
0.015922164544463158,0.033672917634248734
0.011251794174313545,0.03549738600850105
0.010571506805717945,0.03642987459897995
0.009813385084271431,0.03578979894518852
0.011888538487255573,0.03614470735192299
0.008991019800305367,0.03855094686150551
0.011982066556811333,0.03941292688250542
0.010184862650930882,0.03737986087799072
0.01046791858971119,0.037987515330314636
0.010250095278024673,0.03937667980790138
0.007369439583271742,0.040422044694423676
0.009072958491742611,0.04130939766764641
0.011096062138676643,0.04367491230368614
0.012012546882033348,0.04413609579205513
0.00866134837269783,0.04474007710814476
0.010111822746694088,0.044776882976293564
