loss,val_loss
0.07226143777370453,0.041967976838350296
0.07854659855365753,0.03623582795262337
0.039786651730537415,0.03598477691411972
0.04316176474094391,0.02701173722743988
0.024235080927610397,0.033447492867708206
0.03865080326795578,0.03276379778981209
0.032536253333091736,0.0319269634783268
0.02471053972840309,0.03264693170785904
0.024753272533416748,0.027013413608074188
0.021734537556767464,0.020629072561860085
0.020430386066436768,0.019042111933231354
0.01840551383793354,0.018430938944220543
0.015990233048796654,0.018415292724967003
0.01754310540854931,0.02106267772614956
0.017677010968327522,0.021820003166794777
0.014202489517629147,0.021134428679943085
0.014359654858708382,0.022162994369864464
0.012633687816560268,0.02515828050673008
0.015409733168780804,0.03024405986070633
0.01347293984144926,0.03212052956223488
0.009918229654431343,0.03217769041657448
0.012895993888378143,0.033032678067684174
0.01167385559529066,0.03403887525200844
0.01507725939154625,0.03404616937041283
0.013775442726910114,0.03455100953578949
0.009750619530677795,0.036286208778619766
0.010980634950101376,0.03950846940279007
0.010881230235099792,0.0401032492518425
0.00967973843216896,0.038845524191856384
0.012467584572732449,0.03850001469254494
0.009465607814490795,0.0393083393573761
0.00950236152857542,0.041483331471681595
0.010622505098581314,0.044207941740751266
0.00792277418076992,0.04484369233250618
0.010421540588140488,0.04484598711133003
0.008974473923444748,0.04539315775036812
0.008703826926648617,0.04615066945552826
0.008462449535727501,0.04715462401509285
