,Run,MSE_Train,R2_Train,SMAPE_Train,MSE_Test,R2_Test,SMAPE_Test
min,1.0,0.00393550278854889,0.052744557709761386,16.44506455497476,0.002190144409539992,-1.5973169485657688,6.285441548732036
max,10.0,0.059998237578695726,0.9378660676538761,44.813162074661015,0.055466642811608215,0.8974428790647072,33.77469392297806
mean,5.5,0.019765559639980296,0.6879402680066085,28.101620848254708,0.01547922321640476,0.2751598659548452,14.615751254612459
