,Run,MSE_Train,R2_Train,SMAPE_Train,MSE_Test,R2_Test,SMAPE_Test
min,1.0,0.0013592328798723752,0.9425772930160737,26.465181608212724,0.0015026772041728932,0.9443406480348133,28.907138487523916
max,10.0,0.0018390731238383717,0.9575596911443478,34.64282685725241,0.0023333895358323407,0.9641559893396509,35.77239487491572
mean,5.5,0.001663031752013196,0.9480739597773535,28.831963575008253,0.0017351439343283616,0.9586108596666048,31.232736254098
