{"kl_loss": [2.351186990737915, 2.3380260467529297, 2.3234119415283203, 2.3665285110473633, 2.3806405067443848, 2.3473589420318604, 2.346902370452881, 2.3508026599884033, 2.3716840744018555, 2.396888494491577, 2.3641979694366455, 2.387260913848877, 2.372774600982666, 2.379215717315674, 2.3419666290283203, 2.3784821033477783, 2.3816332817077637, 2.3956634998321533, 2.4017608165740967, 2.3686392307281494, 2.349804401397705, 2.3556923866271973, 2.3629260063171387, 2.4110515117645264, 2.3846282958984375, 2.395897626876831, 2.394019603729248, 2.3993847370147705, 2.40950608253479, 2.4002010822296143, 2.411686897277832, 2.3992974758148193, 2.3779757022857666, 2.40143084526062, 2.3547985553741455, 2.4044573307037354, 2.4059970378875732, 2.4440672397613525, 2.3878557682037354, 2.380798101425171, 2.3909060955047607, 2.3881890773773193, 2.411414384841919, 2.417954206466675, 2.414367437362671, 2.442411422729492, 2.449810028076172, 2.436715602874756, 2.418292760848999, 2.4161059856414795], "loss": [5.434825897216797, 5.466241359710693, 5.591963768005371, 5.409503936767578, 5.3925862312316895, 5.341562271118164, 5.411221027374268, 5.341682434082031, 5.411617279052734, 5.3823723793029785, 5.388189315795898, 5.348637580871582, 5.431728839874268, 5.3281660079956055, 5.313134670257568, 5.311591148376465, 5.351468563079834, 5.32741641998291, 5.35850191116333, 5.373867511749268, 5.359869956970215, 5.407745361328125, 5.3267621994018555, 5.295884132385254, 5.281659126281738, 5.321995258331299, 5.320168495178223, 5.387180805206299, 5.316172122955322, 5.345390319824219, 5.417513370513916, 5.291864395141602, 5.317899703979492, 5.3386549949646, 5.233137607574463, 5.31135892868042, 5.391223907470703, 5.319742202758789, 5.258681297302246, 5.2476887702941895, 5.336135387420654, 5.285655975341797, 5.364075183868408, 5.3266520500183105, 5.267868518829346, 5.247358798980713, 5.249565124511719, 5.245151996612549, 5.239119529724121, 5.302396774291992], "reconstruction_loss": [3.083639144897461, 3.1282148361206055, 3.268552541732788, 3.0429749488830566, 3.0119447708129883, 2.9942023754119873, 3.0643208026885986, 2.990879535675049, 3.039933443069458, 2.985485553741455, 3.0239925384521484, 2.961376905441284, 3.0589540004730225, 2.9489500522613525, 2.9711670875549316, 2.9331088066101074, 2.969834566116333, 2.9317543506622314, 2.9567410945892334, 3.00522780418396, 3.0100650787353516, 3.0520529747009277, 2.9638357162475586, 2.8848326206207275, 2.8970298767089844, 2.926097869873047, 2.926149368286133, 2.9877970218658447, 2.906665802001953, 2.945188283920288, 3.0058271884918213, 2.892568588256836, 2.939923048019409, 2.9372241497039795, 2.8783395290374756, 2.9069013595581055, 2.9852261543273926, 2.875675678253174, 2.8708269596099854, 2.866891622543335, 2.9452292919158936, 2.8974671363830566, 2.952660322189331, 2.9086973667144775, 2.8535006046295166, 2.8049488067626953, 2.799755096435547, 2.8084347248077393, 2.820826292037964, 2.8862898349761963], "val_kl_loss": [2.3903324604034424, 2.2644739151000977, 2.314923048019409, 2.3388943672180176, 2.3105485439300537, 2.3193857669830322, 2.27075457572937, 2.33130145072937, 2.3788628578186035, 2.234109401702881, 2.26930832862854, 2.248077869415283, 2.296999216079712, 2.2321279048919678, 2.2918593883514404, 2.3999764919281006, 2.3485536575317383, 2.45350980758667, 2.204993963241577, 2.2916829586029053, 2.3480513095855713, 2.25256609916687, 2.281836986541748, 2.3591368198394775, 2.2616255283355713, 2.200845241546631, 2.452085256576538, 2.4810330867767334, 2.3277766704559326, 2.392016649246216, 2.371107339859009, 2.311753511428833, 2.4123244285583496, 2.344510793685913, 2.234309196472168, 2.2749216556549072, 2.448058605194092, 2.353282928466797, 2.4055089950561523, 2.4168455600738525, 2.465439796447754, 2.3685073852539062, 2.3847506046295166, 2.4535975456237793, 2.385725259780884, 2.4461588859558105, 2.469794988632202, 2.3492188453674316, 2.39104962348938, 2.3997905254364014], "val_loss": [2.4110541343688965, 2.290541410446167, 2.336911678314209, 2.3561952114105225, 2.331435441970825, 2.341752529144287, 2.2973122596740723, 2.3556129932403564, 2.400179624557495, 2.255483627319336, 2.2920339107513428, 2.2708423137664795, 2.322190523147583, 2.256425619125366, 2.3126678466796875, 2.4160420894622803, 2.3686165809631348, 2.4761288166046143, 2.2313902378082275, 2.3144783973693848, 2.3715980052948, 2.281514883041382, 2.3027350902557373, 2.384510040283203, 2.2858054637908936, 2.2260189056396484, 2.473428249359131, 2.5009360313415527, 2.3498282432556152, 2.4118499755859375, 2.3934929370880127, 2.3340959548950195, 2.431527853012085, 2.3657639026641846, 2.254997730255127, 2.300354480743408, 2.46732234954834, 2.3718020915985107, 2.4232115745544434, 2.4357399940490723, 2.486576795578003, 2.3889541625976562, 2.4066011905670166, 2.4757866859436035, 2.401038646697998, 2.4684410095214844, 2.491884231567383, 2.371608257293701, 2.4139339923858643, 2.4191715717315674], "val_reconstruction_loss": [0.020721737295389175, 0.026067597791552544, 0.021988673135638237, 0.01730084978044033, 0.020886851474642754, 0.022366754710674286, 0.02655763551592827, 0.02431158721446991, 0.021316800266504288, 0.021374255418777466, 0.02272564359009266, 0.022764530032873154, 0.02519132010638714, 0.02429766207933426, 0.020808545872569084, 0.016065526753664017, 0.020062850788235664, 0.022619010880589485, 0.026396172121167183, 0.022795531898736954, 0.023546582087874413, 0.02894868515431881, 0.02089819312095642, 0.025373101234436035, 0.024179859086871147, 0.025173716247081757, 0.021342895925045013, 0.019902965053915977, 0.022051634266972542, 0.019833218306303024, 0.022385507822036743, 0.022342536598443985, 0.019203459843993187, 0.02125321701169014, 0.020688416436314583, 0.02543289214372635, 0.019263723865151405, 0.01851925626397133, 0.01770257204771042, 0.01889447681605816, 0.021136969327926636, 0.020446857437491417, 0.021850699558854103, 0.022189021110534668, 0.015313365496695042, 0.022282203659415245, 0.022089200094342232, 0.02238934487104416, 0.022884361445903778, 0.01938094012439251], "learning_rate": [0.0010000000474974513, 0.0010000000474974513, 0.0010000000474974513, 0.0010000000474974513, 0.0010000000474974513, 0.0010000000474974513, 0.0010000000474974513, 0.0010000000474974513, 0.0010000000474974513, 0.0010000000474974513, 0.0010000000474974513, 0.0010000000474974513, 0.0010000000474974513, 0.0010000000474974513, 0.0010000000474974513, 0.0010000000474974513, 0.0010000000474974513, 0.0010000000474974513, 0.0010000000474974513, 0.0010000000474974513, 0.0009800000116229057, 0.0009800000116229057, 0.0009800000116229057, 0.0009800000116229057, 0.0009800000116229057, 0.0009800000116229057, 0.0009800000116229057, 0.0009800000116229057, 0.0009800000116229057, 0.0009800000116229057, 0.0009800000116229057, 0.0009800000116229057, 0.0009800000116229057, 0.0009800000116229057, 0.0009800000116229057, 0.0009800000116229057, 0.0009800000116229057, 0.0009800000116229057, 0.0009800000116229057, 0.0009800000116229057, 0.0009603999787941575, 0.0009603999787941575, 0.0009603999787941575, 0.0009603999787941575, 0.0009603999787941575, 0.0009603999787941575, 0.0009603999787941575, 0.0009603999787941575, 0.0009603999787941575, 0.0009603999787941575]}