{"kl_loss": [1.4624099731445312, 1.4493036270141602, 1.4477102756500244, 1.4413299560546875, 1.452425479888916, 1.444822072982788, 1.44133722782135, 1.4827224016189575, 1.4739354848861694, 1.4460008144378662, 1.4582065343856812, 1.4380083084106445, 1.4348617792129517, 1.467996597290039, 1.4574785232543945, 1.4618793725967407, 1.4523491859436035, 1.455820083618164, 1.4428126811981201, 1.4488849639892578, 1.4499917030334473, 1.4665536880493164, 1.4530177116394043, 1.448279857635498, 1.4557287693023682, 1.453113317489624, 1.4427282810211182, 1.4706960916519165, 1.458984375, 1.4638652801513672, 1.458978295326233, 1.458612084388733, 1.454741358757019, 1.4527044296264648, 1.457647681236267, 1.4605743885040283, 1.4467666149139404, 1.445814609527588, 1.4573689699172974, 1.4544602632522583, 1.4509384632110596, 1.4418853521347046], "loss": [2.185245990753174, 2.126838445663452, 2.116797924041748, 2.1659109592437744, 2.1387758255004883, 2.090358257293701, 2.1005780696868896, 2.152482748031616, 2.144373893737793, 2.0901615619659424, 2.1397204399108887, 2.169985055923462, 2.1275696754455566, 2.13459849357605, 2.1281673908233643, 2.1069304943084717, 2.1128902435302734, 2.1178619861602783, 2.094435930252075, 2.1279845237731934, 2.105660915374756, 2.134042739868164, 2.1401331424713135, 2.0794641971588135, 2.0876312255859375, 2.1140339374542236, 2.070720672607422, 2.1155543327331543, 2.137575626373291, 2.12154483795166, 2.1428117752075195, 2.094358444213867, 2.1476995944976807, 2.0776326656341553, 2.078317642211914, 2.1268365383148193, 2.101087808609009, 2.175896406173706, 2.164287567138672, 2.249953508377075, 2.1081697940826416, 2.072190046310425], "reconstruction_loss": [0.7228365540504456, 0.6775349974632263, 0.6690876483917236, 0.7245809435844421, 0.6863501667976379, 0.6455364227294922, 0.6592407822608948, 0.6697608828544617, 0.6704386472702026, 0.6441605091094971, 0.6815145611763, 0.7319770455360413, 0.6927083134651184, 0.6666015386581421, 0.6706885695457458, 0.6450513601303101, 0.6605409383773804, 0.662041962146759, 0.6516227126121521, 0.679099440574646, 0.6556693911552429, 0.6674889326095581, 0.6871151328086853, 0.6311842799186707, 0.6319024562835693, 0.6609207987785339, 0.6279923319816589, 0.6448580026626587, 0.6785906553268433, 0.6576797366142273, 0.6838332414627075, 0.6357466578483582, 0.6929581165313721, 0.6249281167984009, 0.6206701397895813, 0.6662620902061462, 0.6543210744857788, 0.7300816178321838, 0.7069185376167297, 0.7954932451248169, 0.6572316884994507, 0.6303046345710754], "val_kl_loss": [1.4095616340637207, 1.4156246185302734, 1.4347177743911743, 1.4088064432144165, 1.4335753917694092, 1.4143328666687012, 1.436721920967102, 1.3940976858139038, 1.3939149379730225, 1.4557768106460571, 1.3562054634094238, 1.432021975517273, 1.4016000032424927, 1.4448730945587158, 1.4284745454788208, 1.4121687412261963, 1.4415881633758545, 1.3934491872787476, 1.3659411668777466, 1.425112247467041, 1.4170169830322266, 1.409366488456726, 1.4301823377609253, 1.411355972290039, 1.4166613817214966, 1.4201126098632812, 1.4149386882781982, 1.407175064086914, 1.4450997114181519, 1.4959324598312378, 1.3918015956878662, 1.390549898147583, 1.4149737358093262, 1.403200387954712, 1.4599453210830688, 1.431369662284851, 1.4482018947601318, 1.3893502950668335, 1.3835773468017578, 1.3608828783035278, 1.4522552490234375, 1.3918321132659912], "val_loss": [1.4177969694137573, 1.4190349578857422, 1.4423774480819702, 1.4151047468185425, 1.4401417970657349, 1.4231021404266357, 1.4430683851242065, 1.4010193347930908, 1.4044907093048096, 1.4614570140838623, 1.3655815124511719, 1.4375290870666504, 1.4086177349090576, 1.45120108127594, 1.4353818893432617, 1.4165613651275635, 1.4497711658477783, 1.399491548538208, 1.3727617263793945, 1.4305061101913452, 1.4238245487213135, 1.4177260398864746, 1.4374239444732666, 1.421230673789978, 1.423628807067871, 1.4254167079925537, 1.4247030019760132, 1.416080355644226, 1.4546303749084473, 1.5014642477035522, 1.3970140218734741, 1.402319073677063, 1.4229564666748047, 1.4101126194000244, 1.4661016464233398, 1.4374401569366455, 1.4591995477676392, 1.3967499732971191, 1.3928884267807007, 1.3664014339447021, 1.461846113204956, 1.4019650220870972], "val_reconstruction_loss": [0.00823538564145565, 0.003410328645259142, 0.007659656461328268, 0.006298316176980734, 0.0065664369612932205, 0.008769224397838116, 0.006346439011394978, 0.006921623833477497, 0.01057574711740017, 0.005680244415998459, 0.009376004338264465, 0.005507113412022591, 0.0070176939480006695, 0.006328027695417404, 0.006907309405505657, 0.004392622504383326, 0.008183046244084835, 0.006042377091944218, 0.006820617243647575, 0.005393825005739927, 0.006807559169828892, 0.008359515108168125, 0.007241661194711924, 0.009874675422906876, 0.006967396009713411, 0.005304120946675539, 0.009764369577169418, 0.008905239403247833, 0.009530614130198956, 0.005531760398298502, 0.0052123889327049255, 0.011769232340157032, 0.007982749491930008, 0.006912187673151493, 0.006156265735626221, 0.006070537492632866, 0.010997618548572063, 0.007399729453027248, 0.009311135858297348, 0.005518505349755287, 0.009590832516551018, 0.010132870636880398], "learning_rate": [0.0010000000474974513, 0.0010000000474974513, 0.0010000000474974513, 0.0010000000474974513, 0.0010000000474974513, 0.0010000000474974513, 0.0010000000474974513, 0.0010000000474974513, 0.0010000000474974513, 0.0010000000474974513, 0.0010000000474974513, 0.0010000000474974513, 0.0010000000474974513, 0.0010000000474974513, 0.0010000000474974513, 0.0010000000474974513, 0.0010000000474974513, 0.0010000000474974513, 0.0010000000474974513, 0.0010000000474974513, 0.0009800000116229057, 0.0009800000116229057, 0.0009800000116229057, 0.0009800000116229057, 0.0009800000116229057, 0.0009800000116229057, 0.0009800000116229057, 0.0009800000116229057, 0.0009800000116229057, 0.0009800000116229057, 0.0009800000116229057, 0.0009800000116229057, 0.0009800000116229057, 0.0009800000116229057, 0.0009800000116229057, 0.0009800000116229057, 0.0009800000116229057, 0.0009800000116229057, 0.0009800000116229057, 0.0009800000116229057, 0.0009603999787941575, 0.0009603999787941575]}