{"kl_loss": [1.4639846086502075, 1.4536556005477905, 1.4733647108078003, 1.4429945945739746, 1.4524891376495361, 1.4451680183410645, 1.456437349319458, 1.461338758468628, 1.4715429544448853, 1.4409959316253662, 1.4744083881378174, 1.4500372409820557, 1.4437154531478882, 1.4778586626052856, 1.4611822366714478, 1.461922526359558, 1.4636322259902954, 1.4593596458435059, 1.4495049715042114, 1.456991195678711], "loss": [2.1936421394348145, 2.1694154739379883, 2.1969401836395264, 2.1535301208496094, 2.138477087020874, 2.21140718460083, 2.1776909828186035, 2.5621285438537598, 2.201932668685913, 2.161956548690796, 2.1814610958099365, 2.174062490463257, 2.3028507232666016, 2.1934971809387207, 2.161348819732666, 2.169978618621826, 2.205204963684082, 2.1731555461883545, 2.1499786376953125, 2.209914445877075], "reconstruction_loss": [0.7296579480171204, 0.7157602310180664, 0.72357577085495, 0.7105357050895691, 0.6859881281852722, 0.7662394046783447, 0.7212538719177246, 1.1007905006408691, 0.7303894758224487, 0.7209610939025879, 0.7070528268814087, 0.724024772644043, 0.8591349124908447, 0.7156384587287903, 0.7001668214797974, 0.7080568075180054, 0.7415727972984314, 0.7137959003448486, 0.7004735469818115, 0.7529236078262329], "val_kl_loss": [1.4008699655532837, 1.3298789262771606, 1.3891417980194092, 1.3854007720947266, 1.3957518339157104, 1.4173935651779175, 1.3401271104812622, 1.3482203483581543, 1.3563969135284424, 1.3968631029129028, 1.3412292003631592, 1.4590001106262207, 1.4179799556732178, 1.4180850982666016, 1.3666266202926636, 1.3689055442810059, 1.4365249872207642, 1.3832701444625854, 1.3851377964019775, 1.382922649383545], "val_loss": [1.408534049987793, 1.334775447845459, 1.3973826169967651, 1.3932180404663086, 1.4030311107635498, 1.4268320798873901, 1.350193738937378, 1.3575834035873413, 1.3671153783798218, 1.404848575592041, 1.3492456674575806, 1.4664313793182373, 1.4243011474609375, 1.4297956228256226, 1.3795732259750366, 1.3746161460876465, 1.4470878839492798, 1.3902995586395264, 1.3951679468154907, 1.3873507976531982], "val_reconstruction_loss": [0.007664106786251068, 0.004896503873169422, 0.008240865543484688, 0.007817266508936882, 0.007279244251549244, 0.0094385277479887, 0.010066568851470947, 0.009363026358187199, 0.010718509554862976, 0.007985519245266914, 0.008016415871679783, 0.00743121886625886, 0.006321142893284559, 0.011710581369698048, 0.012946560978889465, 0.00571064418181777, 0.010562943294644356, 0.007029379718005657, 0.010030137374997139, 0.004428144544363022], "learning_rate": [0.0010000000474974513, 0.0010000000474974513, 0.0010000000474974513, 0.0010000000474974513, 0.0010000000474974513, 0.0010000000474974513, 0.0010000000474974513, 0.0010000000474974513, 0.0010000000474974513, 0.0010000000474974513, 0.0010000000474974513, 0.0010000000474974513, 0.0010000000474974513, 0.0010000000474974513, 0.0010000000474974513, 0.0010000000474974513, 0.0010000000474974513, 0.0010000000474974513, 0.0010000000474974513, 0.0010000000474974513]}