,Run,MSE_Train,R2_Train,SMAPE_Train,MSE_Test,R2_Test,SMAPE_Test
min,1.0,0.0016483702020725782,0.9204998985988446,25.206567905009354,0.002582351039929375,0.4672688501479335,31.130029017023524
max,10.0,0.002546144330503544,0.9485317479290357,31.63905619765131,0.003979194864402475,0.6542770872745802,39.002056379874425
mean,5.5,0.0021122453705703565,0.9340478388704481,28.636940705418972,0.002914678935099007,0.6097853175184841,36.199890869875524
