loss,val_loss
0.23850764334201813,0.2266065627336502
0.2414301335811615,0.2270103543996811
0.2201933115720749,0.22743000090122223
0.22148306667804718,0.22804127633571625
0.19643618166446686,0.2287491112947464
0.17877086997032166,0.22925186157226562
0.19498947262763977,0.22990556061267853
0.1869266778230667,0.23055148124694824
0.2056635022163391,0.23084156215190887
0.1889069676399231,0.23115025460720062
0.19130121171474457,0.2315099686384201
0.17553485929965973,0.23193377256393433
0.21237047016620636,0.23248572647571564
0.18511848151683807,0.2331140786409378
0.18714554607868195,0.23358018696308136
0.175703227519989,0.23416674137115479
0.1859968602657318,0.23458723723888397
0.18721140921115875,0.23496143519878387
0.17978313565254211,0.23545901477336884
0.18351873755455017,0.23598529398441315
0.1616383045911789,0.23638610541820526
0.17450641095638275,0.23700390756130219
0.17534399032592773,0.23763801157474518
0.18122521042823792,0.23827983438968658
0.1841253787279129,0.23874826729297638
0.16700658202171326,0.2392224669456482
