loss,val_loss
0.24688312411308289,0.23572368919849396
0.2178584784269333,0.23501940071582794
0.22311630845069885,0.23426753282546997
0.24202761054039001,0.23327942192554474
0.206215038895607,0.2324245423078537
0.22074832022190094,0.23144634068012238
0.20865024626255035,0.23061086237430573
0.1848190575838089,0.22978924214839935
0.1845715492963791,0.22915613651275635
0.18233130872249603,0.228613018989563
0.19680047035217285,0.22838157415390015
0.18582774698734283,0.2283359169960022
0.19946005940437317,0.22831475734710693
0.1846463680267334,0.228318989276886
0.17473262548446655,0.22831852734088898
0.18418659269809723,0.2283889800310135
0.1863899827003479,0.228274866938591
0.1685733199119568,0.22826606035232544
0.174876868724823,0.22844232618808746
0.1943880021572113,0.22872793674468994
0.17892251908779144,0.22896499931812286
0.1892590969800949,0.2291785329580307
0.1767033487558365,0.22952915728092194
0.16758741438388824,0.2298276275396347
0.18858474493026733,0.23006649315357208
0.1765904426574707,0.23042334616184235
0.18438835442066193,0.23061729967594147
0.17334699630737305,0.23087556660175323
0.19352824985980988,0.23110492527484894
0.17342528700828552,0.23127980530261993
0.17895613610744476,0.2313227653503418
0.18075785040855408,0.23138968646526337
0.17241935431957245,0.23132769763469696
0.17035070061683655,0.2314276248216629
0.17288903892040253,0.2312909960746765
0.16519460082054138,0.23122601211071014
0.1709165871143341,0.23112566769123077
0.17168515920639038,0.23108001053333282
0.1721949428319931,0.23101551830768585
0.17589595913887024,0.23107482492923737
0.17037217319011688,0.23105986416339874
0.17648513615131378,0.23113514482975006
0.17020492255687714,0.2311921864748001
