,Run,MSE_Train,R2_Train,SMAPE_Train,MSE_Test,R2_Test,SMAPE_Test
min,1.0,0.002460698895859239,0.9332663744133883,13.461110755075945,0.0011230546935293425,0.9472465087770443,14.40233443609315
max,10.0,0.0031740386967524597,0.9482642228131393,15.406527931230254,0.002824148468883224,0.9790219754482571,21.319909700338226
mean,5.5,0.002872155950311884,0.9396134079869348,14.651849609532585,0.0022305533523964537,0.958334528798866,17.927200852493932
