{"kl_loss": [1.4599800109863281, 1.4615542888641357, 1.453855037689209, 1.4532008171081543, 1.4528344869613647, 1.4660768508911133, 1.452484369277954, 1.454685091972351, 1.4438339471817017, 1.4677964448928833, 1.4474910497665405, 1.4528651237487793, 1.4517699480056763, 1.4683181047439575, 1.4601088762283325, 1.4863182306289673, 1.4710277318954468, 1.4551182985305786, 1.472005844116211, 1.479133129119873, 1.4645105600357056, 1.4652302265167236, 1.4584180116653442, 1.5041717290878296, 1.446858525276184], "loss": [2.082169532775879, 2.0963637828826904, 2.0795724391937256, 2.0925371646881104, 2.085157632827759, 2.079878091812134, 2.0531461238861084, 2.059891700744629, 2.045295476913452, 2.0363786220550537, 2.0383129119873047, 2.048018217086792, 2.0501723289489746, 2.0562636852264404, 2.0870361328125, 2.0582168102264404, 2.2092530727386475, 2.1385598182678223, 2.1303770542144775, 2.192572593688965, 2.0703158378601074, 2.0684597492218018, 2.0937986373901367, 2.1245412826538086, 2.1194329261779785], "reconstruction_loss": [0.6221893429756165, 0.6348100900650024, 0.6257172226905823, 0.6393356323242188, 0.6323229074478149, 0.6138013005256653, 0.60066157579422, 0.6052061915397644, 0.6014620065689087, 0.5685826539993286, 0.590822160243988, 0.595153272151947, 0.5984026193618774, 0.5879455208778381, 0.6269270181655884, 0.5718986988067627, 0.7382253408432007, 0.6834420561790466, 0.6583712697029114, 0.7134396433830261, 0.6058056950569153, 0.6032289266586304, 0.6353803277015686, 0.6203691959381104, 0.6725738644599915], "val_kl_loss": [1.4098297357559204, 1.4222568273544312, 1.5128166675567627, 1.4817391633987427, 1.4570573568344116, 1.4440749883651733, 1.4698762893676758, 1.4388316869735718, 1.4504692554473877, 1.4458681344985962, 1.4417363405227661, 1.4540773630142212, 1.460663914680481, 1.4003514051437378, 1.4929648637771606, 1.4507046937942505, 1.4798767566680908, 1.4575785398483276, 1.4562770128250122, 1.4509947299957275, 1.400084137916565, 1.4658604860305786, 1.4207704067230225, 1.4475910663604736, 1.5235517024993896], "val_loss": [1.4154844284057617, 1.4271708726882935, 1.5183746814727783, 1.4875589609146118, 1.4620246887207031, 1.448966383934021, 1.4743046760559082, 1.4435046911239624, 1.45444655418396, 1.4501653909683228, 1.4467875957489014, 1.4589431285858154, 1.4660789966583252, 1.4068613052368164, 1.4966155290603638, 1.4531259536743164, 1.4856089353561401, 1.4623559713363647, 1.4604281187057495, 1.4552733898162842, 1.4042556285858154, 1.4703247547149658, 1.4262851476669312, 1.4529632329940796, 1.5279202461242676], "val_reconstruction_loss": [0.005654637701809406, 0.004914028104394674, 0.005558013450354338, 0.005819822195917368, 0.004967345390468836, 0.004891354590654373, 0.004428396932780743, 0.004672948736697435, 0.003977320622652769, 0.00429729325696826, 0.005051222629845142, 0.004865823779255152, 0.005415113642811775, 0.006509917322546244, 0.003650681348517537, 0.002421266632154584, 0.005732180085033178, 0.004777456168085337, 0.004151056054979563, 0.004278689157217741, 0.004171533044427633, 0.004464259836822748, 0.0055147274397313595, 0.005372112151235342, 0.004368524998426437], "learning_rate": [0.0010000000474974513, 0.0010000000474974513, 0.0010000000474974513, 0.0010000000474974513, 0.0010000000474974513, 0.0010000000474974513, 0.0010000000474974513, 0.0010000000474974513, 0.0010000000474974513, 0.0010000000474974513, 0.0010000000474974513, 0.0010000000474974513, 0.0010000000474974513, 0.0010000000474974513, 0.0010000000474974513, 0.0010000000474974513, 0.0010000000474974513, 0.0010000000474974513, 0.0010000000474974513, 0.0010000000474974513, 0.0009800000116229057, 0.0009800000116229057, 0.0009800000116229057, 0.0009800000116229057, 0.0009800000116229057]}