,Run,MSE_Train,R2_Train,SMAPE_Train,MSE_Test,R2_Test,SMAPE_Test
min,1.0,0.0028431193999343294,0.8538853457914072,13.884008535174122,0.032765780937942086,0.28626401317546835,24.011075428271884
max,10.0,0.006949623410146654,0.9402238965368082,17.600441470073395,0.0381839516337994,0.3875406815904888,31.061475107970494
mean,5.5,0.004565596513127732,0.9040091071988693,15.769665555752548,0.035371057881565825,0.3388427383251688,28.20417939446857
