loss,val_loss
0.16870468854904175,0.14792370796203613
0.1319793462753296,0.14596058428287506
0.12685681879520416,0.14466342329978943
0.1294214427471161,0.14424960315227509
0.11183053255081177,0.1446082592010498
0.11215730011463165,0.14533227682113647
0.10822616517543793,0.1463780701160431
0.10391300171613693,0.1475875824689865
0.11197260767221451,0.1481846272945404
0.11177913844585419,0.14760258793830872
0.1061968207359314,0.14643481373786926
0.10383103042840958,0.14528360962867737
0.09845100343227386,0.14470531046390533
0.10143251717090607,0.14487798511981964
0.09245112538337708,0.14577016234397888
0.10145793110132217,0.146959125995636
0.10206964612007141,0.1471698135137558
0.09578672051429749,0.14675673842430115
0.10296811163425446,0.14667892456054688
0.10117461532354355,0.14722931385040283
0.09573724865913391,0.1476249098777771
0.09277444332838058,0.14762888848781586
0.09267688542604446,0.14829930663108826
0.09515997022390366,0.14909948408603668
0.09710512310266495,0.14948657155036926
0.09600448608398438,0.15006452798843384
0.09465017169713974,0.15062162280082703
0.09308551251888275,0.1515835076570511
0.09660244733095169,0.15310035645961761
