loss,val_loss
0.15991374850273132,0.1473480612039566
0.1257486492395401,0.14668019115924835
0.1284199208021164,0.14599785208702087
0.1214105486869812,0.1463143527507782
0.12323353439569473,0.14784827828407288
0.11146390438079834,0.1498660147190094
0.12063072621822357,0.15217436850070953
0.10628985613584518,0.1532195508480072
0.10735524445772171,0.15230828523635864
0.10583373159170151,0.150922954082489
0.1043427437543869,0.14996907114982605
0.10922630876302719,0.14969128370285034
0.10011538118124008,0.1496448814868927
0.1071329340338707,0.14961546659469604
0.09980543702840805,0.1497783660888672
0.09678442031145096,0.14955413341522217
0.09702141582965851,0.14941516518592834
0.09998787939548492,0.1498751938343048
0.09666595607995987,0.15099993348121643
0.10117805749177933,0.15098871290683746
0.10022582858800888,0.1509007215499878
0.104490727186203,0.15150435268878937
0.09718374907970428,0.15253965556621552
0.09742602705955505,0.15371063351631165
0.1008756160736084,0.15407490730285645
0.1000489741563797,0.15412065386772156
0.10006155073642731,0.15405502915382385
0.1031159833073616,0.15316803753376007
