loss,val_loss
0.14475339651107788,0.14967995882034302
0.13161346316337585,0.14802798628807068
0.12800444662570953,0.14869511127471924
0.10955862700939178,0.15015935897827148
0.11943647265434265,0.1507871150970459
0.11712665110826492,0.15023702383041382
0.11081458628177643,0.1496257781982422
0.10458583384752274,0.1490892916917801
0.09985694289207458,0.1487313061952591
0.10848966240882874,0.1491909623146057
0.10908091068267822,0.150085911154747
0.10570904612541199,0.1518160104751587
0.09842360019683838,0.15304136276245117
0.09848600625991821,0.15358617901802063
0.0980265662074089,0.15324202179908752
0.09457620978355408,0.15292735397815704
0.10144269466400146,0.15300782024860382
0.09456741064786911,0.15352442860603333
0.09947849810123444,0.15320530533790588
0.10183275490999222,0.1531752049922943
0.09968098253011703,0.15306735038757324
0.09625929594039917,0.1533164083957672
0.09916482865810394,0.15354347229003906
0.09820062667131424,0.154194638133049
0.09496363997459412,0.1546737551689148
0.09710874408483505,0.15474778413772583
0.09322233498096466,0.1546977162361145
