loss,val_loss
0.16567668318748474,0.14738741517066956
0.13334448635578156,0.14533187448978424
0.12329207360744476,0.14423179626464844
0.11994893103837967,0.1438990831375122
0.11483597010374069,0.14373847842216492
0.11638027429580688,0.14346690475940704
0.10847656428813934,0.1429460644721985
0.10989271104335785,0.14268353581428528
0.1053883284330368,0.14206814765930176
0.10116321593523026,0.14177346229553223
0.10582452267408371,0.14185760915279388
0.10100733488798141,0.14206387102603912
0.10472307354211807,0.14236244559288025
0.10209010541439056,0.142614483833313
0.10302691161632538,0.1423310935497284
0.10289040207862854,0.1416139453649521
0.1009431779384613,0.14154836535453796
0.09906021505594254,0.14174050092697144
0.09667079150676727,0.14211790263652802
0.09819770604372025,0.14279623329639435
0.09662351757287979,0.1428348422050476
0.09256543964147568,0.1425221562385559
0.09804282337427139,0.1432904601097107
0.09695316851139069,0.14366522431373596
0.09373771399259567,0.14391839504241943
0.09331255406141281,0.14450940489768982
0.09703541547060013,0.1445195972919464
0.09404813498258591,0.1435333788394928
0.09565652906894684,0.1437508761882782
0.09591139107942581,0.1446084827184677
0.09260625392198563,0.14451369643211365
0.09504414349794388,0.14394056797027588
0.09946531057357788,0.143623486161232
0.09492065012454987,0.14402727782726288
0.09124083817005157,0.14380672574043274
0.09179960191249847,0.14318181574344635
0.08972218632698059,0.1424485445022583
0.09566114097833633,0.14157728850841522
0.08835668861865997,0.14168420433998108
0.0937076210975647,0.14216963946819305
0.09411302208900452,0.14257460832595825
0.0880427286028862,0.1421906054019928
