,Run,MSE_Train,R2_Train,SMAPE_Train,MSE_Test,R2_Test,SMAPE_Test
min,1.0,0.0026979634125748058,0.9174822984407517,13.614828281854816,0.0029734101261571825,0.8604077281718101,16.667690561878697
max,10.0,0.003924773689632575,0.9432757765665055,17.594959477848715,0.00826128459951914,0.94975780466256,22.02033223181083
mean,5.5,0.0031350571674109416,0.9340859544602642,15.459275143091228,0.006218344403071856,0.894927621512345,18.736373791217524
