loss,val_loss
0.15462322533130646,0.1186518743634224
0.13399016857147217,0.11863572150468826
0.11666432023048401,0.11877389252185822
0.12299838662147522,0.11860036104917526
0.11604885756969452,0.11861913651227951
0.11280495673418045,0.11874078959226608
0.11194683611392975,0.11915668845176697
0.1068778857588768,0.11979848891496658
0.10478305071592331,0.1204327642917633
0.10316714644432068,0.12114521861076355
0.10976076871156693,0.12163802981376648
0.11062699556350708,0.12236690521240234
0.10253933817148209,0.12358467280864716
0.10517589747905731,0.12486732006072998
0.1060694083571434,0.12597380578517914
0.10182370990514755,0.1271498203277588
0.10258039832115173,0.12809184193611145
0.09863801300525665,0.12892627716064453
0.10001332312822342,0.12974782288074493
0.0967925563454628,0.13017284870147705
0.09823603928089142,0.13051259517669678
0.09444525092840195,0.13117334246635437
0.10138120502233505,0.1312457025051117
0.09386918693780899,0.1315630078315735
0.0953245609998703,0.13184383511543274
0.09979033470153809,0.13217957317829132
0.09523236751556396,0.13285979628562927
0.09208383411169052,0.13393738865852356
0.09077387303113937,0.1344536989927292
