loss,val_loss
0.15859851241111755,0.118435338139534
0.11626901477575302,0.11655627936124802
0.11351283639669418,0.11478625982999802
0.12546657025814056,0.11339351534843445
0.10810498893260956,0.11242631077766418
0.10888612270355225,0.11160796135663986
0.10832564532756805,0.11098921298980713
0.10459887236356735,0.11051537841558456
0.11187084764242172,0.11015740036964417
0.09811126440763474,0.10996987670660019
0.1067156121134758,0.10979104042053223
0.10369370132684708,0.10998749732971191
0.09938675910234451,0.10996603220701218
0.0942443385720253,0.10990563035011292
0.09732028096914291,0.11000344157218933
0.10009995102882385,0.1103595420718193
0.09891167283058167,0.11076348274946213
0.09834586083889008,0.11127829551696777
0.09926999360322952,0.1116202101111412
0.09516549110412598,0.11186396330595016
0.09693130850791931,0.11224827170372009
0.09071578830480576,0.11252189427614212
0.09668009728193283,0.11260700225830078
0.09534230083227158,0.11266898363828659
0.09549885988235474,0.11273372173309326
0.0902857705950737,0.11292895674705505
0.09595430642366409,0.11305300891399384
0.09719083458185196,0.11309932917356491
0.09339224547147751,0.11333893984556198
0.09613674134016037,0.11364660412073135
0.09584850072860718,0.11354997754096985
0.0905279815196991,0.11405041068792343
0.09160756319761276,0.11411091685295105
0.08819971233606339,0.11398112773895264
0.08892922848463058,0.11430056393146515
0.08829064667224884,0.11423651874065399
