loss,val_loss
0.1491452157497406,0.1178804412484169
0.13132117688655853,0.11585748940706253
0.12164925038814545,0.11542944610118866
0.12162380665540695,0.11590790003538132
0.11420688033103943,0.1164199635386467
0.12421180307865143,0.11711123585700989
0.11570404469966888,0.1174798309803009
0.10647662729024887,0.11761054396629333
0.110145702958107,0.11787626147270203
0.10262303799390793,0.11820685863494873
0.10901293903589249,0.11864874511957169
0.11051856726408005,0.11900007724761963
0.10109512507915497,0.11921770870685577
0.10446654260158539,0.11913847923278809
0.09987686574459076,0.11923401802778244
0.10500437021255493,0.1194142997264862
0.10456536710262299,0.12010073661804199
0.09987926483154297,0.12077739834785461
0.09691795706748962,0.12146595120429993
0.0970212072134018,0.12249166518449783
0.10440143942832947,0.12324365973472595
0.09928429871797562,0.12376498430967331
0.10050208866596222,0.12393513321876526
0.10176574438810349,0.12408072501420975
0.10096526890993118,0.12409833073616028
0.09937527775764465,0.1242574155330658
0.09425096213817596,0.1239791139960289
0.09474062919616699,0.12346406280994415
