,Run,MSE_Train,R2_Train,SMAPE_Train,MSE_Test,R2_Test,SMAPE_Test
min,1.0,0.002796758275252792,0.9065481652019377,17.36523311367404,0.01124440493759192,0.17821678325403167,31.944474526913847
max,10.0,0.004416547283434692,0.9408220549818773,24.27857061277867,0.0230473525902237,0.5990661737032571,40.308747376784886
mean,5.5,0.0037117985437153883,0.9214602806105999,21.76819205090887,0.01743710286345191,0.3782575058995632,35.30232074953731
