{"kl_loss": [0.8261576294898987, 1.7604519128799438, 1.8308734893798828, 1.9363540410995483, 1.9833039045333862, 2.0595555305480957, 2.040889263153076, 2.0616161823272705, 2.1016969680786133, 2.131042718887329, 2.1417739391326904, 2.1472389698028564, 2.1632542610168457, 2.142893075942993, 2.1512017250061035, 2.1719794273376465, 2.1679418087005615, 2.1974809169769287, 2.1680920124053955, 2.237727642059326, 2.2182798385620117, 2.188447952270508, 2.2528910636901855, 2.253979206085205, 2.262587308883667, 2.2930006980895996, 2.2896294593811035, 2.2814104557037354, 2.2738165855407715, 2.293048143386841, 2.316188335418701, 2.256869077682495, 2.3072893619537354, 2.345454216003418, 2.268237352371216, 2.3150196075439453, 2.319049835205078, 2.3570339679718018, 2.303680181503296, 2.2950305938720703, 2.3271126747131348, 2.3206777572631836, 2.351410388946533, 2.34053111076355, 2.3567771911621094, 2.381953716278076, 2.3556363582611084, 2.309952974319458, 2.368486166000366, 2.3583545684814453], "loss": [9.553961753845215, 8.026389122009277, 7.5549139976501465, 7.253629207611084, 6.827744007110596, 6.273826599121094, 6.2241997718811035, 6.085056781768799, 6.0406928062438965, 6.011157989501953, 5.847133159637451, 5.801224708557129, 5.874662399291992, 5.774133205413818, 5.884049892425537, 5.760261535644531, 5.715653896331787, 5.75386381149292, 5.682960510253906, 5.7239179611206055, 5.542887210845947, 5.630945205688477, 5.589398384094238, 5.557631969451904, 5.575076580047607, 5.604339599609375, 5.577428817749023, 5.562567710876465, 5.4846415519714355, 5.524013519287109, 5.728635311126709, 5.497491836547852, 5.450660705566406, 5.514947414398193, 5.417852401733398, 5.453216075897217, 5.440417289733887, 5.525059223175049, 5.4168901443481445, 5.439216613769531, 5.428451061248779, 5.4697184562683105, 5.426859378814697, 5.400307655334473, 5.484306335449219, 5.3881754875183105, 5.43166971206665, 5.424999237060547, 5.34311580657959, 5.357773780822754], "reconstruction_loss": [8.727804183959961, 6.265935897827148, 5.7240400314331055, 5.317275047302246, 4.84443998336792, 4.214271068572998, 4.183310031890869, 4.023441314697266, 3.9389941692352295, 3.8801169395446777, 3.7053606510162354, 3.653986692428589, 3.711409330368042, 3.631239891052246, 3.73284912109375, 3.5882821083068848, 3.547711133956909, 3.556381940841675, 3.5148682594299316, 3.486189842224121, 3.324608087539673, 3.442495822906494, 3.3365063667297363, 3.3036530017852783, 3.312488555908203, 3.311340093612671, 3.2877988815307617, 3.281156301498413, 3.210824489593506, 3.2309658527374268, 3.412446975708008, 3.2406210899353027, 3.1433725357055664, 3.1694929599761963, 3.1496148109436035, 3.1381959915161133, 3.121366500854492, 3.168025493621826, 3.1132097244262695, 3.1441855430603027, 3.1013386249542236, 3.1490399837493896, 3.075448513031006, 3.0597774982452393, 3.127528190612793, 3.0062224864959717, 3.0760326385498047, 3.1150460243225098, 2.9746289253234863, 2.9994189739227295], "val_kl_loss": [1.133381962776184, 1.2948377132415771, 1.5942996740341187, 1.5141674280166626, 1.9101334810256958, 1.7802709341049194, 1.920503854751587, 1.8508663177490234, 1.7993106842041016, 2.0513079166412354, 1.8558558225631714, 1.9244778156280518, 1.8770763874053955, 2.1414635181427, 2.0552029609680176, 1.9970906972885132, 2.1844732761383057, 1.9676264524459839, 2.12959623336792, 2.23435115814209, 2.011528730392456, 2.0263614654541016, 2.1067895889282227, 2.0512661933898926, 2.2770354747772217, 2.088961124420166, 2.263822555541992, 2.1690196990966797, 2.088067054748535, 2.246978998184204, 2.1599040031433105, 2.0382583141326904, 2.203537940979004, 2.2322537899017334, 2.0758728981018066, 2.188007354736328, 2.153337240219116, 2.259202718734741, 2.2665765285491943, 2.2187905311584473, 2.2372076511383057, 2.09753680229187, 2.1125149726867676, 2.2036266326904297, 2.1482994556427, 2.2484076023101807, 2.25597882270813, 2.1748716831207275, 2.212928056716919, 2.272707462310791], "val_loss": [1.189655065536499, 1.346988558769226, 1.638761043548584, 1.554539680480957, 1.9375406503677368, 1.8126845359802246, 1.9602797031402588, 1.8890583515167236, 1.8317365646362305, 2.078704357147217, 1.8845030069351196, 1.958186149597168, 1.9075647592544556, 2.169515371322632, 2.0803451538085938, 2.0226941108703613, 2.2070891857147217, 1.9953789710998535, 2.15806245803833, 2.2581100463867188, 2.046175956726074, 2.0559871196746826, 2.1304025650024414, 2.0829689502716064, 2.300823211669922, 2.111665725708008, 2.288600444793701, 2.1952762603759766, 2.1123886108398438, 2.2709057331085205, 2.1862661838531494, 2.064176559448242, 2.2241926193237305, 2.2591633796691895, 2.097963809967041, 2.214689016342163, 2.175386905670166, 2.282806396484375, 2.2883613109588623, 2.2405264377593994, 2.2643868923187256, 2.1238303184509277, 2.137810707092285, 2.2269816398620605, 2.170003890991211, 2.2716193199157715, 2.277449131011963, 2.2009308338165283, 2.239938497543335, 2.293768882751465], "val_reconstruction_loss": [0.05627306178212166, 0.05215083807706833, 0.044461365789175034, 0.040372274816036224, 0.027407126501202583, 0.03241365775465965, 0.0397757925093174, 0.03819207102060318, 0.03242594003677368, 0.027396511286497116, 0.02864723652601242, 0.0337083525955677, 0.030488383024930954, 0.02805187925696373, 0.025142280384898186, 0.025603489950299263, 0.02261580340564251, 0.027752500027418137, 0.028466274961829185, 0.02375888265669346, 0.03464723005890846, 0.02962561510503292, 0.02361292392015457, 0.0317026786506176, 0.023787694051861763, 0.022704502567648888, 0.02477787248790264, 0.02625655010342598, 0.024321675300598145, 0.023926664143800735, 0.02636210434138775, 0.02591836266219616, 0.020654741674661636, 0.026909496635198593, 0.022090911865234375, 0.026681775227189064, 0.022049710154533386, 0.023603644222021103, 0.021784793585538864, 0.021735863760113716, 0.02717924863100052, 0.026293601840734482, 0.025295715779066086, 0.02335500158369541, 0.02170436829328537, 0.02321164309978485, 0.021470272913575172, 0.026059074327349663, 0.027010424062609673, 0.021061403676867485], "learning_rate": [0.0010000000474974513, 0.0010000000474974513, 0.0010000000474974513, 0.0010000000474974513, 0.0010000000474974513, 0.0010000000474974513, 0.0010000000474974513, 0.0010000000474974513, 0.0010000000474974513, 0.0010000000474974513, 0.0010000000474974513, 0.0010000000474974513, 0.0010000000474974513, 0.0010000000474974513, 0.0010000000474974513, 0.0010000000474974513, 0.0010000000474974513, 0.0010000000474974513, 0.0010000000474974513, 0.0010000000474974513, 0.0009800000116229057, 0.0009800000116229057, 0.0009800000116229057, 0.0009800000116229057, 0.0009800000116229057, 0.0009800000116229057, 0.0009800000116229057, 0.0009800000116229057, 0.0009800000116229057, 0.0009800000116229057, 0.0009800000116229057, 0.0009800000116229057, 0.0009800000116229057, 0.0009800000116229057, 0.0009800000116229057, 0.0009800000116229057, 0.0009800000116229057, 0.0009800000116229057, 0.0009800000116229057, 0.0009800000116229057, 0.0009603999787941575, 0.0009603999787941575, 0.0009603999787941575, 0.0009603999787941575, 0.0009603999787941575, 0.0009603999787941575, 0.0009603999787941575, 0.0009603999787941575, 0.0009603999787941575, 0.0009603999787941575]}