{"kl_loss": [1.414345622062683, 1.4485092163085938, 1.4620403051376343, 1.4535212516784668, 1.4439404010772705, 1.4595001935958862, 1.4454649686813354, 1.4527652263641357, 1.4570727348327637, 1.4609038829803467, 1.4597057104110718, 1.4792704582214355, 1.4621140956878662, 1.473280906677246, 1.4531546831130981, 1.462131381034851, 1.4587335586547852, 1.4367233514785767, 1.4690525531768799, 1.4599426984786987], "loss": [2.163025140762329, 2.172900676727295, 2.1225690841674805, 2.0921144485473633, 2.0511462688446045, 2.0928075313568115, 2.1020781993865967, 2.1349539756774902, 2.1270558834075928, 2.0731232166290283, 2.0811405181884766, 2.1032044887542725, 2.08665132522583, 2.075014591217041, 2.1061367988586426, 2.08762788772583, 2.1212003231048584, 2.1019179821014404, 2.062744379043579, 2.0734305381774902], "reconstruction_loss": [0.7486793994903564, 0.7243909239768982, 0.6605281829833984, 0.6385930776596069, 0.6072059869766235, 0.6333074569702148, 0.6566134691238403, 0.6821891665458679, 0.6699832677841187, 0.6122193336486816, 0.6214349269866943, 0.6239339113235474, 0.6245367527008057, 0.6017331480979919, 0.6529821157455444, 0.6254961490631104, 0.6624668836593628, 0.6651943325996399, 0.5936916470527649, 0.6134873628616333], "val_kl_loss": [1.391005516052246, 1.45893394947052, 1.5200542211532593, 1.5071167945861816, 1.5039576292037964, 1.4318733215332031, 1.5189697742462158, 1.442430019378662, 1.4881285429000854, 1.4879740476608276, 1.5403059720993042, 1.48679518699646, 1.4831241369247437, 1.4159693717956543, 1.46587073802948, 1.4871145486831665, 1.454692006111145, 1.4752999544143677, 1.4748722314834595, 1.4843494892120361], "val_loss": [1.3996912240982056, 1.4631983041763306, 1.5253771543502808, 1.5135091543197632, 1.5095133781433105, 1.4385347366333008, 1.5248315334320068, 1.4478532075881958, 1.4942984580993652, 1.4931033849716187, 1.5461281538009644, 1.4922219514846802, 1.4899375438690186, 1.423694372177124, 1.4716671705245972, 1.490808129310608, 1.4624489545822144, 1.4804942607879639, 1.4802595376968384, 1.4896537065505981], "val_reconstruction_loss": [0.008685687556862831, 0.004264383111149073, 0.005322916898876429, 0.006392338313162327, 0.005555724259465933, 0.006661385763436556, 0.0058617363683879375, 0.0054231309331953526, 0.006169930100440979, 0.005129324737936258, 0.00582221569493413, 0.005426736548542976, 0.0068133920431137085, 0.007724985480308533, 0.00579646322876215, 0.0036935654934495687, 0.007756948471069336, 0.005194344557821751, 0.005387296434491873, 0.005304263439029455], "learning_rate": [0.0010000000474974513, 0.0010000000474974513, 0.0010000000474974513, 0.0010000000474974513, 0.0010000000474974513, 0.0010000000474974513, 0.0010000000474974513, 0.0010000000474974513, 0.0010000000474974513, 0.0010000000474974513, 0.0010000000474974513, 0.0010000000474974513, 0.0010000000474974513, 0.0010000000474974513, 0.0010000000474974513, 0.0010000000474974513, 0.0010000000474974513, 0.0010000000474974513, 0.0010000000474974513, 0.0010000000474974513]}