Avg HDYN/HQS,Predicted Avg HDYN/HQS
1.07,1.0933877
1.06,1.1179737
1.14,1.1639034
1.09,1.1533788
1.09,1.1215087
1.13,1.1529824
1.07,1.1015252
1.25,1.1982393
1.08,1.1121187
1.07,1.1631303
1.13,1.1575061
1.1,1.1284568
1.13,1.1383911
1.15,1.1657023
1.11,1.1334966
1.13,1.1218833
1.115152854,1.0933877
1.170798588,1.1179737
1.176175974,1.1639034
1.1457466589999998,1.1533788
